<?xml version="1.0" encoding="UTF-8"?>
<ORU_R01>
  <MSH>
    <MSH.1>|</MSH.1>
    <MSH.2>^~\&amp;</MSH.2>
    <MSH.4>
      <MSH.4.2>2.16.840.1.113883.3.72.5.21</MSH.4.2>
      <MSH.4.3>ISO</MSH.4.3>
    </MSH.4>
    <MSH.7>
      <MSH.7.1>20150926140551</MSH.7.1>
    </MSH.7>
    <MSH.9>
      <MSH.9.1>ORU</MSH.9.1>
      <MSH.9.2>R01</MSH.9.2>
      <MSH.9.3>ORU_R01</MSH.9.3>
    </MSH.9>
    <MSH.10>LRI_0.0_1.1-GU</MSH.10>
    <MSH.11>
      <MSH.11.1>D</MSH.11.1>
    </MSH.11>
    <MSH.12>
      <MSH.12.1>2.5.1</MSH.12.1>
    </MSH.12>
    <MSH.15>AL</MSH.15>
    <MSH.16>AL</MSH.16>
    <MSH.21>
      <MSH.21.1>LRI_GU_FRU_Profile</MSH.21.1>
      <MSH.21.3>2.16.840.1.113883.9.195.3.1</MSH.21.3>
      <MSH.21.4>ISO</MSH.21.4>
    </MSH.21>
  </MSH>
  <ORU_R01.PATIENT_RESULT>
    <ORU_R01.PATIENT_RESULT.PATIENT>
      <PID>
        <PID.1>1</PID.1>
        <PID.3>
          <PID.3.1>PATID1700</PID.3.1>
          <PID.3.4>
            <PID.3.4.2>2.16.840.1.113883.3.72.5.30.2</PID.3.4.2>
            <PID.3.4.3>ISO</PID.3.4.3>
          </PID.3.4>
          <PID.3.5>MR</PID.3.5>
        </PID.3>
        <PID.5>
          <PID.5.1>
            <PID.5.1.1>Ramoz</PID.5.1.1>
          </PID.5.1>
          <PID.5.7>L</PID.5.7>
        </PID.5>
        <PID.7>
          <PID.7.1>19331212</PID.7.1>
        </PID.7>
        <PID.8>M</PID.8>
        <PID.18>
          <PID.18.1>PATID1700</PID.18.1>
          <PID.18.4>
            <PID.18.4.2>2.16.840.1.113883.3.72.5.30.2</PID.18.4.2>
            <PID.18.4.3>ISO</PID.18.4.3>
          </PID.18.4>
          <PID.18.5>AN</PID.18.5>
        </PID.18>
      </PID>
    </ORU_R01.PATIENT_RESULT.PATIENT>
    <ORU_R01.PATIENT_RESULT.ORDER_OBSERVATION>
      <ORC>
        <ORC.1>RE</ORC.1>
        <ORC.3>
          <ORC.3.1>R-100</ORC.3.1>
          <ORC.3.3>2.16.840.1.113883.3.72.5.20</ORC.3.3>
          <ORC.3.4>ISO</ORC.3.4>
        </ORC.3>
        <ORC.12>
          <ORC.12.2>
            <ORC.12.2.1>Radon</ORC.12.2.1>
          </ORC.12.2>
        </ORC.12>
      </ORC>
      <OBR>
        <OBR.1>1</OBR.1>
        <OBR.3>
          <OBR.3.1>R-100</OBR.3.1>
          <OBR.3.3>2.16.840.1.113883.3.72.5.20</OBR.3.3>
          <OBR.3.4>ISO</OBR.3.4>
        </OBR.3>
        <OBR.4>
          <OBR.4.1>PT+INR</OBR.4.1>
          <OBR.4.3>99LAB</OBR.4.3>
        </OBR.4>
        <OBR.7>
          <OBR.7.1>20150925</OBR.7.1>
        </OBR.7>
        <OBR.16>
          <OBR.16.2>
            <OBR.16.2.1>Radon</OBR.16.2.1>
          </OBR.16.2>
        </OBR.16>
        <OBR.22>
          <OBR.22.1>20150926140551</OBR.22.1>
        </OBR.22>
        <OBR.25>F</OBR.25>
      </OBR>
      <ORU_R01.PATIENT_RESULT.ORDER_OBSERVATION.OBSERVATION>
        <OBX>
          <OBX.1>1</OBX.1>
          <OBX.2>NM</OBX.2>
          <OBX.3>
            <OBX.3.1>11</OBX.3.1>
            <OBX.3.2>PT</OBX.3.2>
            <OBX.3.3>99USL</OBX.3.3>
          </OBX.3>
          <OBX.5>10.5</OBX.5>
          <OBX.6>
            <OBX.6.1>s</OBX.6.1>
            <OBX.6.3>UCUM</OBX.6.3>
          </OBX.6>
          <OBX.11>F</OBX.11>
          <OBX.23>
            <OBX.23.1>Century Hospital</OBX.23.1>
          </OBX.23>
          <OBX.24>
            <OBX.24.1>
              <OBX.24.1.1>2070 Test Park</OBX.24.1.1>
            </OBX.24.1>
          </OBX.24>
          <OBX.29>RSLT</OBX.29>
        </OBX>
      </ORU_R01.PATIENT_RESULT.ORDER_OBSERVATION.OBSERVATION>
      <ORU_R01.PATIENT_RESULT.ORDER_OBSERVATION.OBSERVATION>
        <OBX>
          <OBX.1>2</OBX.1>
          <OBX.2>NM</OBX.2>
          <OBX.3>
            <OBX.3.1>12</OBX.3.1>
            <OBX.3.2>INR</OBX.3.2>
            <OBX.3.3>99USL</OBX.3.3>
          </OBX.3>
          <OBX.5>1.0</OBX.5>
          <OBX.6>
            <OBX.6.1>{INR}</OBX.6.1>
            <OBX.6.3>UCUM</OBX.6.3>
          </OBX.6>
          <OBX.11>F</OBX.11>
          <OBX.23>
            <OBX.23.1>Century Hospital</OBX.23.1>
          </OBX.23>
          <OBX.24>
            <OBX.24.1>
              <OBX.24.1.1>2070 Test Park</OBX.24.1.1>
            </OBX.24.1>
          </OBX.24>
          <OBX.29>RSLT</OBX.29>
        </OBX>
      </ORU_R01.PATIENT_RESULT.ORDER_OBSERVATION.OBSERVATION>
    </ORU_R01.PATIENT_RESULT.ORDER_OBSERVATION>
  </ORU_R01.PATIENT_RESULT>
</ORU_R01>
