<?xml version="1.0" encoding="UTF-8"?>
<ORU_R01>
  <MSH>
    <MSH.1>|</MSH.1>
    <MSH.2>^~\&amp;</MSH.2>
    <MSH.3>
      <MSH.3.1>NIST Test Lab APP</MSH.3.1>
    </MSH.3>
    <MSH.4>
      <MSH.4.1>NIST Lab Facility</MSH.4.1>
    </MSH.4>
    <MSH.6>
      <MSH.6.1>NIST EHR Facility</MSH.6.1>
    </MSH.6>
    <MSH.7>
      <MSH.7.1>20150926140551</MSH.7.1>
    </MSH.7>
    <MSH.9>
      <MSH.9.1>ORU</MSH.9.1>
      <MSH.9.2>R01</MSH.9.2>
      <MSH.9.3>ORU_R01</MSH.9.3>
    </MSH.9>
    <MSH.10>LRI_4.0_1.1-NG</MSH.10>
    <MSH.11>
      <MSH.11.1>D</MSH.11.1>
    </MSH.11>
    <MSH.12>
      <MSH.12.1>2.5.1</MSH.12.1>
    </MSH.12>
    <MSH.15>AL</MSH.15>
    <MSH.16>AL</MSH.16>
    <MSH.21>
      <MSH.21.1>LRI_Common_Component</MSH.21.1>
      <MSH.21.3>2.16.840.1.113883.9.16</MSH.21.3>
      <MSH.21.4>ISO</MSH.21.4>
    </MSH.21>
    <MSH.21>
      <MSH.21.1>LRI_NG_Component</MSH.21.1>
      <MSH.21.3>2.16.840.1.113883.9.13</MSH.21.3>
      <MSH.21.4>ISO</MSH.21.4>
    </MSH.21>
    <MSH.21>
      <MSH.21.1>LRI_FRU_Component</MSH.21.1>
      <MSH.21.3>2.16.840.1.113883.9.83</MSH.21.3>
      <MSH.21.4>ISO</MSH.21.4>
    </MSH.21>
  </MSH>
  <ORU_R01.PATIENT_RESULT>
    <ORU_R01.PATIENT_RESULT.PATIENT>
      <PID>
        <PID.1>1</PID.1>
        <PID.3>
          <PID.3.1>PATID1234</PID.3.1>
          <PID.3.4>
            <PID.3.4.1>NIST MPI</PID.3.4.1>
          </PID.3.4>
          <PID.3.5>MR</PID.3.5>
        </PID.3>
        <PID.5>
          <PID.5.1>
            <PID.5.1.1>Jones</PID.5.1.1>
          </PID.5.1>
          <PID.5.2>William</PID.5.2>
          <PID.5.3>A</PID.5.3>
          <PID.5.7>L</PID.5.7>
        </PID.5>
        <PID.7>
          <PID.7.1>19610627</PID.7.1>
        </PID.7>
        <PID.8>M</PID.8>
        <PID.10>
          <PID.10.1>2106-3</PID.10.1>
          <PID.10.2>White</PID.10.2>
          <PID.10.3>HL70005</PID.10.3>
        </PID.10>
        <PID.18>
          <PID.18.1>PATID1234</PID.18.1>
          <PID.18.4>
            <PID.18.4.1>NIST MPI</PID.18.4.1>
          </PID.18.4>
          <PID.18.5>AN</PID.18.5>
        </PID.18>
      </PID>
    </ORU_R01.PATIENT_RESULT.PATIENT>
    <ORU_R01.PATIENT_RESULT.ORDER_OBSERVATION>
      <ORC>
        <ORC.1>RE</ORC.1>
        <ORC.2>
          <ORC.2.1>ORD723222-4</ORC.2.1>
          <ORC.2.2>NIST EHR</ORC.2.2>
        </ORC.2>
        <ORC.3>
          <ORC.3.1>R-783274-4</ORC.3.1>
          <ORC.3.2>NIST Lab Filler</ORC.3.2>
        </ORC.3>
        <ORC.4>
          <ORC.4.1>GORD874211</ORC.4.1>
          <ORC.4.2>NIST EHR</ORC.4.2>
        </ORC.4>
        <ORC.12>
          <ORC.12.1>5742200012</ORC.12.1>
          <ORC.12.2>
            <ORC.12.2.1>Radon</ORC.12.2.1>
          </ORC.12.2>
          <ORC.12.3>Nicholas</ORC.12.3>
          <ORC.12.9>
            <ORC.12.9.1>NPI</ORC.12.9.1>
          </ORC.12.9>
          <ORC.12.10>L</ORC.12.10>
          <ORC.12.13>NPI</ORC.12.13>
        </ORC.12>
      </ORC>
      <OBR>
        <OBR.1>1</OBR.1>
        <OBR.2>
          <OBR.2.1>ORD723222-4</OBR.2.1>
          <OBR.2.2>NIST EHR</OBR.2.2>
        </OBR.2>
        <OBR.3>
          <OBR.3.1>R-783274-4</OBR.3.1>
          <OBR.3.2>NIST Lab Filler</OBR.3.2>
        </OBR.3>
        <OBR.4>
          <OBR.4.1>625-4</OBR.4.1>
          <OBR.4.2>Bacteria identified in Stool by Culture</OBR.4.2>
          <OBR.4.3>LN</OBR.4.3>
          <OBR.4.4>3456543</OBR.4.4>
          <OBR.4.5>CULTURE STOOL</OBR.4.5>
          <OBR.4.6>99USL</OBR.4.6>
          <OBR.4.7>2.52</OBR.4.7>
          <OBR.4.9>Stool Culture</OBR.4.9>
        </OBR.4>
        <OBR.7>
          <OBR.7.1>201509231400</OBR.7.1>
        </OBR.7>
        <OBR.16>
          <OBR.16.1>5742200012</OBR.16.1>
          <OBR.16.2>
            <OBR.16.2.1>Radon</OBR.16.2.1>
          </OBR.16.2>
          <OBR.16.3>Nicholas</OBR.16.3>
          <OBR.16.9>
            <OBR.16.9.1>NPI</OBR.16.9.1>
          </OBR.16.9>
          <OBR.16.10>L</OBR.16.10>
          <OBR.16.13>NPI</OBR.16.13>
        </OBR.16>
        <OBR.22>
          <OBR.22.1>20150925201555</OBR.22.1>
        </OBR.22>
        <OBR.25>P</OBR.25>
        <OBR.28>
          <OBR.28.1>10092000194</OBR.28.1>
          <OBR.28.2>
            <OBR.28.2.1>Hamlin</OBR.28.2.1>
          </OBR.28.2>
          <OBR.28.3>Pafford</OBR.28.3>
          <OBR.28.9>
            <OBR.28.9.1>NPI</OBR.28.9.1>
          </OBR.28.9>
          <OBR.28.10>L</OBR.28.10>
          <OBR.28.13>NPI</OBR.28.13>
        </OBR.28>
        <OBR.47>
          <OBR.47.1>MIC</OBR.47.1>
          <OBR.47.2>Observation of type microbiology</OBR.47.2>
          <OBR.47.3>HL70411</OBR.47.3>
          <OBR.47.7>2.5.1</OBR.47.7>
        </OBR.47>
        <OBR.49>
          <OBR.49.1>CC</OBR.49.1>
          <OBR.49.2>Copies Requested</OBR.49.2>
          <OBR.49.3>HL70507</OBR.49.3>
        </OBR.49>
      </OBR>
      <ORU_R01.PATIENT_RESULT.ORDER_OBSERVATION.OBSERVATION>
        <OBX>
          <OBX.1>1</OBX.1>
          <OBX.2>CWE</OBX.2>
          <OBX.3>
            <OBX.3.1>625-4</OBX.3.1>
            <OBX.3.2>Bacteria identified in Stool by Culture</OBX.3.2>
            <OBX.3.3>LN</OBX.3.3>
            <OBX.3.7>2.52</OBX.3.7>
            <OBX.3.9>Stool Culture</OBX.3.9>
          </OBX.3>
          <OBX.4>
            <OBX.4.2>1</OBX.4.2>
            <OBX.4.3>1</OBX.4.3>
            <OBX.4.4>Islt-1</OBX.4.4>
          </OBX.4>
          <OBX.5>
            <OBX.5.1>103429008</OBX.5.1>
            <OBX.5.2>Enterohemorrhagic Escherichia coli, serotype O157:H7</OBX.5.2>
            <OBX.5.3>SCT</OBX.5.3>
            <OBX.5.7>201509USEd</OBX.5.7>
            <OBX.5.9>Shiga toxin producing E. coli O157:H7 isolated</OBX.5.9>
          </OBX.5>
          <OBX.8>A</OBX.8>
          <OBX.11>P</OBX.11>
          <OBX.14>
            <OBX.14.1>201509231400</OBX.14.1>
          </OBX.14>
          <OBX.19>
            <OBX.19.1>201509251930</OBX.19.1>
          </OBX.19>
          <OBX.23>
            <OBX.23.1>Century Hospital</OBX.23.1>
            <OBX.23.6>
              <OBX.23.6.1>CLIA</OBX.23.6.1>
            </OBX.23.6>
            <OBX.23.7>XX</OBX.23.7>
            <OBX.23.10>24D9871327</OBX.23.10>
          </OBX.23>
          <OBX.24>
            <OBX.24.1>
              <OBX.24.1.1>2070 Test Park</OBX.24.1.1>
            </OBX.24.1>
            <OBX.24.3>Los Angeles</OBX.24.3>
            <OBX.24.4>CA</OBX.24.4>
            <OBX.24.5>90067</OBX.24.5>
            <OBX.24.7>B</OBX.24.7>
          </OBX.24>
          <OBX.25>
            <OBX.25.1>5432178916</OBX.25.1>
            <OBX.25.2>
              <OBX.25.2.1>Knowsalot</OBX.25.2.1>
            </OBX.25.2>
            <OBX.25.3>Phil</OBX.25.3>
            <OBX.25.4>J.</OBX.25.4>
            <OBX.25.9>
              <OBX.25.9.1>NPI</OBX.25.9.1>
            </OBX.25.9>
            <OBX.25.10>L</OBX.25.10>
            <OBX.25.13>NPI</OBX.25.13>
          </OBX.25>
          <OBX.29>RSLT</OBX.29>
        </OBX>
      </ORU_R01.PATIENT_RESULT.ORDER_OBSERVATION.OBSERVATION>
      <ORU_R01.PATIENT_RESULT.ORDER_OBSERVATION.OBSERVATION>
        <OBX>
          <OBX.1>2</OBX.1>
          <OBX.2>CWE</OBX.2>
          <OBX.3>
            <OBX.3.1>625-4</OBX.3.1>
            <OBX.3.2>Bacteria identified in Stool by Culture</OBX.3.2>
            <OBX.3.3>LN</OBX.3.3>
            <OBX.3.7>2.52</OBX.3.7>
            <OBX.3.9>Stool Culture</OBX.3.9>
          </OBX.3>
          <OBX.4>
            <OBX.4.2>2</OBX.4.2>
            <OBX.4.3>1</OBX.4.3>
            <OBX.4.4>Islt-2</OBX.4.4>
          </OBX.4>
          <OBX.5>
            <OBX.5.1>398567006</OBX.5.1>
            <OBX.5.2>Salmonella I, group O:4</OBX.5.2>
            <OBX.5.3>SCT</OBX.5.3>
            <OBX.5.7>201509USEd</OBX.5.7>
            <OBX.5.9>Salmonella I, group O:4 isolated</OBX.5.9>
          </OBX.5>
          <OBX.8>A</OBX.8>
          <OBX.11>P</OBX.11>
          <OBX.14>
            <OBX.14.1>201509231400</OBX.14.1>
          </OBX.14>
          <OBX.19>
            <OBX.19.1>201509251930</OBX.19.1>
          </OBX.19>
          <OBX.23>
            <OBX.23.1>Century Hospital</OBX.23.1>
            <OBX.23.6>
              <OBX.23.6.1>CLIA</OBX.23.6.1>
            </OBX.23.6>
            <OBX.23.7>XX</OBX.23.7>
            <OBX.23.10>24D9871327</OBX.23.10>
          </OBX.23>
          <OBX.24>
            <OBX.24.1>
              <OBX.24.1.1>2070 Test Park</OBX.24.1.1>
            </OBX.24.1>
            <OBX.24.3>Los Angeles</OBX.24.3>
            <OBX.24.4>CA</OBX.24.4>
            <OBX.24.5>90067</OBX.24.5>
            <OBX.24.7>B</OBX.24.7>
          </OBX.24>
          <OBX.25>
            <OBX.25.1>5432178916</OBX.25.1>
            <OBX.25.2>
              <OBX.25.2.1>Knowsalot</OBX.25.2.1>
            </OBX.25.2>
            <OBX.25.3>Phil</OBX.25.3>
            <OBX.25.4>J.</OBX.25.4>
            <OBX.25.9>
              <OBX.25.9.1>NPI</OBX.25.9.1>
            </OBX.25.9>
            <OBX.25.10>L</OBX.25.10>
            <OBX.25.13>NPI</OBX.25.13>
          </OBX.25>
          <OBX.29>RSLT</OBX.29>
        </OBX>
      </ORU_R01.PATIENT_RESULT.ORDER_OBSERVATION.OBSERVATION>
      <ORU_R01.PATIENT_RESULT.ORDER_OBSERVATION.OBSERVATION>
        <OBX>
          <OBX.1>3</OBX.1>
          <OBX.2>CWE</OBX.2>
          <OBX.3>
            <OBX.3.1>625-4</OBX.3.1>
            <OBX.3.2>Bacteria identified in Stool by Culture</OBX.3.2>
            <OBX.3.3>LN</OBX.3.3>
            <OBX.3.7>2.52</OBX.3.7>
            <OBX.3.9>Stool Culture</OBX.3.9>
          </OBX.3>
          <OBX.4>
            <OBX.4.2>3</OBX.4.2>
            <OBX.4.3>1</OBX.4.3>
            <OBX.4.4>Islt-3</OBX.4.4>
          </OBX.4>
          <OBX.5>
            <OBX.5.1>85729005</OBX.5.1>
            <OBX.5.2>Shigella flexneri</OBX.5.2>
            <OBX.5.3>SCT</OBX.5.3>
            <OBX.5.7>201509USEd</OBX.5.7>
            <OBX.5.9>Shigella flexneri isolated</OBX.5.9>
          </OBX.5>
          <OBX.8>A</OBX.8>
          <OBX.11>P</OBX.11>
          <OBX.14>
            <OBX.14.1>201509231400</OBX.14.1>
          </OBX.14>
          <OBX.19>
            <OBX.19.1>201509251930</OBX.19.1>
          </OBX.19>
          <OBX.23>
            <OBX.23.1>Century Hospital</OBX.23.1>
            <OBX.23.6>
              <OBX.23.6.1>CLIA</OBX.23.6.1>
            </OBX.23.6>
            <OBX.23.7>XX</OBX.23.7>
            <OBX.23.10>24D9871327</OBX.23.10>
          </OBX.23>
          <OBX.24>
            <OBX.24.1>
              <OBX.24.1.1>2070 Test Park</OBX.24.1.1>
            </OBX.24.1>
            <OBX.24.3>Los Angeles</OBX.24.3>
            <OBX.24.4>CA</OBX.24.4>
            <OBX.24.5>90067</OBX.24.5>
            <OBX.24.7>B</OBX.24.7>
          </OBX.24>
          <OBX.25>
            <OBX.25.1>5432178916</OBX.25.1>
            <OBX.25.2>
              <OBX.25.2.1>Knowsalot</OBX.25.2.1>
            </OBX.25.2>
            <OBX.25.3>Phil</OBX.25.3>
            <OBX.25.4>J.</OBX.25.4>
            <OBX.25.9>
              <OBX.25.9.1>NPI</OBX.25.9.1>
            </OBX.25.9>
            <OBX.25.10>L</OBX.25.10>
            <OBX.25.13>NPI</OBX.25.13>
          </OBX.25>
          <OBX.29>RSLT</OBX.29>
        </OBX>
      </ORU_R01.PATIENT_RESULT.ORDER_OBSERVATION.OBSERVATION>
      <ORU_R01.PATIENT_RESULT.ORDER_OBSERVATION.SPECIMEN>
        <SPM>
          <SPM.1>1</SPM.1>
          <SPM.2>
            <SPM.2.1>
              <SPM.2.1.1>S-2015-66</SPM.2.1.1>
              <SPM.2.1.2>GoodHealthC_EHR</SPM.2.1.2>
            </SPM.2.1>
            <SPM.2.2>
              <SPM.2.2.1>S-9911-33</SPM.2.2.1>
              <SPM.2.2.2>NIST Lab Filler</SPM.2.2.2>
            </SPM.2.2>
          </SPM.2>
          <SPM.4>
            <SPM.4.1>119339001</SPM.4.1>
            <SPM.4.2>Stool specimen</SPM.4.2>
            <SPM.4.3>SCT</SPM.4.3>
            <SPM.4.7>201509USEd</SPM.4.7>
            <SPM.4.9>Stool</SPM.4.9>
          </SPM.4>
          <SPM.17>
            <SPM.17.1>
              <SPM.17.1.1>201509231400</SPM.17.1.1>
            </SPM.17.1>
          </SPM.17>
        </SPM>
      </ORU_R01.PATIENT_RESULT.ORDER_OBSERVATION.SPECIMEN>
    </ORU_R01.PATIENT_RESULT.ORDER_OBSERVATION>
  </ORU_R01.PATIENT_RESULT>
</ORU_R01>
