<?xml version="1.0" encoding="UTF-8"?>
<ORU_R01>
  <MSH>
    <MSH.1>|</MSH.1>
    <MSH.2>^~\&amp;</MSH.2>
    <MSH.3>
      <MSH.3.2>2.16.840.1.113883.3.72.5.20</MSH.3.2>
      <MSH.3.3>ISO</MSH.3.3>
    </MSH.3>
    <MSH.4>
      <MSH.4.2>2.16.840.1.113883.3.72.5.21</MSH.4.2>
      <MSH.4.3>ISO</MSH.4.3>
    </MSH.4>
    <MSH.6>
      <MSH.6.2>2.16.840.1.113883.3.72.5.23</MSH.6.2>
      <MSH.6.3>ISO</MSH.6.3>
    </MSH.6>
    <MSH.7>
      <MSH.7.1>20150926160001</MSH.7.1>
    </MSH.7>
    <MSH.9>
      <MSH.9.1>ORU</MSH.9.1>
      <MSH.9.2>R01</MSH.9.2>
      <MSH.9.3>ORU_R01</MSH.9.3>
    </MSH.9>
    <MSH.10>LRI_5.1_2.1-GU_FRN</MSH.10>
    <MSH.11>
      <MSH.11.1>D</MSH.11.1>
    </MSH.11>
    <MSH.12>
      <MSH.12.1>2.5.1</MSH.12.1>
    </MSH.12>
    <MSH.15>AL</MSH.15>
    <MSH.16>AL</MSH.16>
    <MSH.21>
      <MSH.21.1>LRI_Common_Component</MSH.21.1>
      <MSH.21.3>2.16.840.1.113883.9.16</MSH.21.3>
      <MSH.21.4>ISO</MSH.21.4>
    </MSH.21>
    <MSH.21>
      <MSH.21.1>LRI_GU_Component</MSH.21.1>
      <MSH.21.3>2.16.840.1.113883.9.12</MSH.21.3>
      <MSH.21.4>ISO</MSH.21.4>
    </MSH.21>
    <MSH.21>
      <MSH.21.1>LAB_FRN_Component</MSH.21.1>
      <MSH.21.3>2.16.840.1.113883.9.84</MSH.21.3>
      <MSH.21.4>ISO</MSH.21.4>
    </MSH.21>
  </MSH>
  <ORU_R01.PATIENT_RESULT>
    <ORU_R01.PATIENT_RESULT.PATIENT>
      <PID>
        <PID.1>1</PID.1>
        <PID.3>
          <PID.3.1>PATID1239</PID.3.1>
          <PID.3.4>
            <PID.3.4.2>2.16.840.1.113883.3.72.5.30.2</PID.3.4.2>
            <PID.3.4.3>ISO</PID.3.4.3>
          </PID.3.4>
          <PID.3.5>MR</PID.3.5>
        </PID.3>
        <PID.5>
          <PID.5.1>
            <PID.5.1.1>Smirnoff</PID.5.1.1>
          </PID.5.1>
          <PID.5.2>Peggy</PID.5.2>
          <PID.5.7>L</PID.5.7>
        </PID.5>
        <PID.7>
          <PID.7.1>19750401</PID.7.1>
        </PID.7>
        <PID.8>F</PID.8>
        <PID.10>
          <PID.10.1>2106-3</PID.10.1>
          <PID.10.2>White</PID.10.2>
          <PID.10.3>HL70005</PID.10.3>
        </PID.10>
        <PID.18>
          <PID.18.1>PATID1239</PID.18.1>
          <PID.18.4>
            <PID.18.4.2>2.16.840.1.113883.3.72.5.30.2</PID.18.4.2>
            <PID.18.4.3>ISO</PID.18.4.3>
          </PID.18.4>
          <PID.18.5>AN</PID.18.5>
        </PID.18>
      </PID>
    </ORU_R01.PATIENT_RESULT.PATIENT>
    <ORU_R01.PATIENT_RESULT.ORDER_OBSERVATION>
      <ORC>
        <ORC.1>RE</ORC.1>
        <ORC.2>
          <ORC.2.1>ORD448811</ORC.2.1>
          <ORC.2.3>2.16.840.1.113883.3.72.5.24</ORC.2.3>
          <ORC.2.4>ISO</ORC.2.4>
        </ORC.2>
        <ORC.3>
          <ORC.3.1>R-511</ORC.3.1>
          <ORC.3.3>2.16.840.1.113883.3.72.5.25</ORC.3.3>
          <ORC.3.4>ISO</ORC.3.4>
        </ORC.3>
        <ORC.12>
          <ORC.12.1>5742200012</ORC.12.1>
          <ORC.12.2>
            <ORC.12.2.1>Radon</ORC.12.2.1>
          </ORC.12.2>
          <ORC.12.3>Nicholas</ORC.12.3>
          <ORC.12.6>DR</ORC.12.6>
          <ORC.12.9>
            <ORC.12.9.2>2.16.840.1.113883.4.6</ORC.12.9.2>
            <ORC.12.9.3>ISO</ORC.12.9.3>
          </ORC.12.9>
          <ORC.12.10>L</ORC.12.10>
          <ORC.12.13>NPI</ORC.12.13>
        </ORC.12>
      </ORC>
      <OBR>
        <OBR.1>1</OBR.1>
        <OBR.2>
          <OBR.2.1>ORD448811</OBR.2.1>
          <OBR.2.3>2.16.840.1.113883.3.72.5.24</OBR.2.3>
          <OBR.2.4>ISO</OBR.2.4>
        </OBR.2>
        <OBR.3>
          <OBR.3.1>R-511</OBR.3.1>
          <OBR.3.3>2.16.840.1.113883.3.72.5.25</OBR.3.3>
          <OBR.3.4>ISO</OBR.3.4>
        </OBR.3>
        <OBR.4>
          <OBR.4.1>HepABC Panel</OBR.4.1>
          <OBR.4.2>Hepatitis A B C Panel</OBR.4.2>
          <OBR.4.3>L</OBR.4.3>
        </OBR.4>
        <OBR.7>
          <OBR.7.1>20150925</OBR.7.1>
        </OBR.7>
        <OBR.16>
          <OBR.16.1>5742200012</OBR.16.1>
          <OBR.16.2>
            <OBR.16.2.1>Radon</OBR.16.2.1>
          </OBR.16.2>
          <OBR.16.3>Nicholas</OBR.16.3>
          <OBR.16.6>DR</OBR.16.6>
          <OBR.16.9>
            <OBR.16.9.2>2.16.840.1.113883.4.6</OBR.16.9.2>
            <OBR.16.9.3>ISO</OBR.16.9.3>
          </OBR.16.9>
          <OBR.16.10>L</OBR.16.10>
          <OBR.16.13>NPI</OBR.16.13>
        </OBR.16>
        <OBR.22>
          <OBR.22.1>20150926140500-0800</OBR.22.1>
        </OBR.22>
        <OBR.25>F</OBR.25>
      </OBR>
      <ORU_R01.PATIENT_RESULT.ORDER_OBSERVATION.OBSERVATION>
        <OBX>
          <OBX.1>1</OBX.1>
          <OBX.2>CWE</OBX.2>
          <OBX.3>
            <OBX.3.1>22314-9</OBX.3.1>
            <OBX.3.2>Hepatitis A virus IgM Ab [Presence] in Serum</OBX.3.2>
            <OBX.3.3>LN</OBX.3.3>
            <OBX.3.4>HAVM</OBX.3.4>
            <OBX.3.5>Hepatitis A IgM antibodies (IgM anti-HAV)</OBX.3.5>
            <OBX.3.6>L</OBX.3.6>
            <OBX.3.7>2.52</OBX.3.7>
          </OBX.3>
          <OBX.5>
            <OBX.5.1>260385009</OBX.5.1>
            <OBX.5.2>Negative (qualifier value)</OBX.5.2>
            <OBX.5.3>SCT</OBX.5.3>
            <OBX.5.4>NEG</OBX.5.4>
            <OBX.5.5>NEGATIVE</OBX.5.5>
            <OBX.5.6>L</OBX.5.6>
            <OBX.5.7>201509USEd</OBX.5.7>
            <OBX.5.9>Negative (qualifier value)</OBX.5.9>
          </OBX.5>
          <OBX.7>Negative</OBX.7>
          <OBX.8>N</OBX.8>
          <OBX.11>F</OBX.11>
          <OBX.14>
            <OBX.14.1>20150925</OBX.14.1>
          </OBX.14>
          <OBX.19>
            <OBX.19.1>201509261400</OBX.19.1>
          </OBX.19>
          <OBX.23>
            <OBX.23.1>Century Hospital</OBX.23.1>
            <OBX.23.6>
              <OBX.23.6.1>CLIA</OBX.23.6.1>
              <OBX.23.6.2>2.16.840.1.113883.4.7</OBX.23.6.2>
              <OBX.23.6.3>ISO</OBX.23.6.3>
            </OBX.23.6>
            <OBX.23.7>XX</OBX.23.7>
            <OBX.23.10>24D9871327</OBX.23.10>
          </OBX.23>
          <OBX.24>
            <OBX.24.1>
              <OBX.24.1.1>2070 Test Park</OBX.24.1.1>
            </OBX.24.1>
            <OBX.24.3>Los Angeles</OBX.24.3>
            <OBX.24.4>CA</OBX.24.4>
            <OBX.24.5>90067</OBX.24.5>
            <OBX.24.6>USA</OBX.24.6>
            <OBX.24.7>B</OBX.24.7>
            <OBX.24.9>06037</OBX.24.9>
          </OBX.24>
          <OBX.25>
            <OBX.25.2>
              <OBX.25.2.1>Knowsalot</OBX.25.2.1>
            </OBX.25.2>
            <OBX.25.3>Phil</OBX.25.3>
            <OBX.25.4>J.</OBX.25.4>
            <OBX.25.6>Dr.</OBX.25.6>
          </OBX.25>
          <OBX.29>RSLT</OBX.29>
        </OBX>
      </ORU_R01.PATIENT_RESULT.ORDER_OBSERVATION.OBSERVATION>
      <ORU_R01.PATIENT_RESULT.ORDER_OBSERVATION.OBSERVATION>
        <OBX>
          <OBX.1>2</OBX.1>
          <OBX.2>CWE</OBX.2>
          <OBX.3>
            <OBX.3.1>20575-7</OBX.3.1>
            <OBX.3.2>Hepatitis A virus Ab [Presence] in Serum</OBX.3.2>
            <OBX.3.3>LN</OBX.3.3>
            <OBX.3.4>HAVAB</OBX.3.4>
            <OBX.3.5>Hepatitis A antibodies (anti-HAV)</OBX.3.5>
            <OBX.3.6>L</OBX.3.6>
            <OBX.3.7>2.52</OBX.3.7>
          </OBX.3>
          <OBX.5>
            <OBX.5.1>260385009</OBX.5.1>
            <OBX.5.2>Negative (qualifier value)</OBX.5.2>
            <OBX.5.3>SCT</OBX.5.3>
            <OBX.5.4>NEG</OBX.5.4>
            <OBX.5.5>NEGATIVE</OBX.5.5>
            <OBX.5.6>L</OBX.5.6>
            <OBX.5.7>201509USEd</OBX.5.7>
            <OBX.5.9>Negative (qualifier value)</OBX.5.9>
          </OBX.5>
          <OBX.7>Negative</OBX.7>
          <OBX.8>N</OBX.8>
          <OBX.11>F</OBX.11>
          <OBX.14>
            <OBX.14.1>20150925</OBX.14.1>
          </OBX.14>
          <OBX.19>
            <OBX.19.1>201509261400</OBX.19.1>
          </OBX.19>
          <OBX.23>
            <OBX.23.1>Century Hospital</OBX.23.1>
            <OBX.23.6>
              <OBX.23.6.1>CLIA</OBX.23.6.1>
              <OBX.23.6.2>2.16.840.1.113883.4.7</OBX.23.6.2>
              <OBX.23.6.3>ISO</OBX.23.6.3>
            </OBX.23.6>
            <OBX.23.7>XX</OBX.23.7>
            <OBX.23.10>24D9871327</OBX.23.10>
          </OBX.23>
          <OBX.24>
            <OBX.24.1>
              <OBX.24.1.1>2070 Test Park</OBX.24.1.1>
            </OBX.24.1>
            <OBX.24.3>Los Angeles</OBX.24.3>
            <OBX.24.4>CA</OBX.24.4>
            <OBX.24.5>90067</OBX.24.5>
            <OBX.24.6>USA</OBX.24.6>
            <OBX.24.7>B</OBX.24.7>
            <OBX.24.9>06037</OBX.24.9>
          </OBX.24>
          <OBX.25>
            <OBX.25.2>
              <OBX.25.2.1>Knowsalot</OBX.25.2.1>
            </OBX.25.2>
            <OBX.25.3>Phil</OBX.25.3>
            <OBX.25.4>J.</OBX.25.4>
            <OBX.25.6>Dr.</OBX.25.6>
          </OBX.25>
          <OBX.29>RSLT</OBX.29>
        </OBX>
      </ORU_R01.PATIENT_RESULT.ORDER_OBSERVATION.OBSERVATION>
      <ORU_R01.PATIENT_RESULT.ORDER_OBSERVATION.OBSERVATION>
        <OBX>
          <OBX.1>3</OBX.1>
          <OBX.2>CWE</OBX.2>
          <OBX.3>
            <OBX.3.1>16933-4</OBX.3.1>
            <OBX.3.2>Hepatitis B virus core Ab [Presence] in Serum</OBX.3.2>
            <OBX.3.3>LN</OBX.3.3>
            <OBX.3.4>HBVcAB</OBX.3.4>
            <OBX.3.5>Hepatitis B core antibodies (anti-HBVc)</OBX.3.5>
            <OBX.3.6>L</OBX.3.6>
            <OBX.3.7>2.52</OBX.3.7>
          </OBX.3>
          <OBX.5>
            <OBX.5.1>260385009</OBX.5.1>
            <OBX.5.2>Negative (qualifier value)</OBX.5.2>
            <OBX.5.3>SCT</OBX.5.3>
            <OBX.5.4>NEG</OBX.5.4>
            <OBX.5.5>NEGATIVE</OBX.5.5>
            <OBX.5.6>L</OBX.5.6>
            <OBX.5.7>201509USEd</OBX.5.7>
            <OBX.5.9>Negative (qualifier value)</OBX.5.9>
          </OBX.5>
          <OBX.7>Negative</OBX.7>
          <OBX.8>N</OBX.8>
          <OBX.11>F</OBX.11>
          <OBX.14>
            <OBX.14.1>20150925</OBX.14.1>
          </OBX.14>
          <OBX.19>
            <OBX.19.1>201509261400</OBX.19.1>
          </OBX.19>
          <OBX.23>
            <OBX.23.1>Century Hospital</OBX.23.1>
            <OBX.23.6>
              <OBX.23.6.1>CLIA</OBX.23.6.1>
              <OBX.23.6.2>2.16.840.1.113883.4.7</OBX.23.6.2>
              <OBX.23.6.3>ISO</OBX.23.6.3>
            </OBX.23.6>
            <OBX.23.7>XX</OBX.23.7>
            <OBX.23.10>24D9871327</OBX.23.10>
          </OBX.23>
          <OBX.24>
            <OBX.24.1>
              <OBX.24.1.1>2070 Test Park</OBX.24.1.1>
            </OBX.24.1>
            <OBX.24.3>Los Angeles</OBX.24.3>
            <OBX.24.4>CA</OBX.24.4>
            <OBX.24.5>90067</OBX.24.5>
            <OBX.24.6>USA</OBX.24.6>
            <OBX.24.7>B</OBX.24.7>
            <OBX.24.9>06037</OBX.24.9>
          </OBX.24>
          <OBX.25>
            <OBX.25.2>
              <OBX.25.2.1>Knowsalot</OBX.25.2.1>
            </OBX.25.2>
            <OBX.25.3>Phil</OBX.25.3>
            <OBX.25.4>J.</OBX.25.4>
            <OBX.25.6>Dr.</OBX.25.6>
          </OBX.25>
          <OBX.29>RSLT</OBX.29>
        </OBX>
      </ORU_R01.PATIENT_RESULT.ORDER_OBSERVATION.OBSERVATION>
      <ORU_R01.PATIENT_RESULT.ORDER_OBSERVATION.OBSERVATION>
        <OBX>
          <OBX.1>4</OBX.1>
          <OBX.2>SN</OBX.2>
          <OBX.3>
            <OBX.3.1>22316-4</OBX.3.1>
            <OBX.3.2>Hepatitis B virus core Ab [Units/volume] in Serum</OBX.3.2>
            <OBX.3.3>LN</OBX.3.3>
            <OBX.3.4>HBcAbQ</OBX.3.4>
            <OBX.3.5>Hepatitis B core antibodies (anti-HBVc) Quant</OBX.3.5>
            <OBX.3.6>L</OBX.3.6>
            <OBX.3.7>2.52</OBX.3.7>
          </OBX.3>
          <OBX.5>
            <OBX.5.2>0.40</OBX.5.2>
          </OBX.5>
          <OBX.6>
            <OBX.6.1>[IU]/mL</OBX.6.1>
            <OBX.6.2>international unit per milliliter</OBX.6.2>
            <OBX.6.3>UCUM</OBX.6.3>
            <OBX.6.4>IU/ml</OBX.6.4>
            <OBX.6.6>L</OBX.6.6>
            <OBX.6.7>1.9</OBX.6.7>
          </OBX.6>
          <OBX.7>&lt;0.50 IU/mL</OBX.7>
          <OBX.8>N</OBX.8>
          <OBX.11>F</OBX.11>
          <OBX.14>
            <OBX.14.1>20150925</OBX.14.1>
          </OBX.14>
          <OBX.19>
            <OBX.19.1>201509261400</OBX.19.1>
          </OBX.19>
          <OBX.23>
            <OBX.23.1>Century Hospital</OBX.23.1>
            <OBX.23.6>
              <OBX.23.6.1>CLIA</OBX.23.6.1>
              <OBX.23.6.2>2.16.840.1.113883.4.7</OBX.23.6.2>
              <OBX.23.6.3>ISO</OBX.23.6.3>
            </OBX.23.6>
            <OBX.23.7>XX</OBX.23.7>
            <OBX.23.10>24D9871327</OBX.23.10>
          </OBX.23>
          <OBX.24>
            <OBX.24.1>
              <OBX.24.1.1>2070 Test Park</OBX.24.1.1>
            </OBX.24.1>
            <OBX.24.3>Los Angeles</OBX.24.3>
            <OBX.24.4>CA</OBX.24.4>
            <OBX.24.5>90067</OBX.24.5>
            <OBX.24.6>USA</OBX.24.6>
            <OBX.24.7>B</OBX.24.7>
            <OBX.24.9>06037</OBX.24.9>
          </OBX.24>
          <OBX.25>
            <OBX.25.2>
              <OBX.25.2.1>Knowsalot</OBX.25.2.1>
            </OBX.25.2>
            <OBX.25.3>Phil</OBX.25.3>
            <OBX.25.4>J.</OBX.25.4>
            <OBX.25.6>Dr.</OBX.25.6>
          </OBX.25>
          <OBX.29>RSLT</OBX.29>
        </OBX>
      </ORU_R01.PATIENT_RESULT.ORDER_OBSERVATION.OBSERVATION>
      <ORU_R01.PATIENT_RESULT.ORDER_OBSERVATION.OBSERVATION>
        <OBX>
          <OBX.1>5</OBX.1>
          <OBX.2>CWE</OBX.2>
          <OBX.3>
            <OBX.3.1>22320-6</OBX.3.1>
            <OBX.3.2>Hepatitis B virus e Ab [Presence] in Serum</OBX.3.2>
            <OBX.3.3>LN</OBX.3.3>
            <OBX.3.4>HBVeAB</OBX.3.4>
            <OBX.3.5>Hepatitis B e antibodies (anti-HBVe)</OBX.3.5>
            <OBX.3.6>L</OBX.3.6>
            <OBX.3.7>2.52</OBX.3.7>
          </OBX.3>
          <OBX.5>
            <OBX.5.1>260385009</OBX.5.1>
            <OBX.5.2>Negative (qualifier value)</OBX.5.2>
            <OBX.5.3>SCT</OBX.5.3>
            <OBX.5.4>NEG</OBX.5.4>
            <OBX.5.5>NEGATIVE</OBX.5.5>
            <OBX.5.6>L</OBX.5.6>
            <OBX.5.7>201509USEd</OBX.5.7>
            <OBX.5.9>Negative (qualifier value)</OBX.5.9>
          </OBX.5>
          <OBX.7>Negative</OBX.7>
          <OBX.8>N</OBX.8>
          <OBX.11>F</OBX.11>
          <OBX.14>
            <OBX.14.1>20150925</OBX.14.1>
          </OBX.14>
          <OBX.19>
            <OBX.19.1>201509261400</OBX.19.1>
          </OBX.19>
          <OBX.23>
            <OBX.23.1>Century Hospital</OBX.23.1>
            <OBX.23.6>
              <OBX.23.6.1>CLIA</OBX.23.6.1>
              <OBX.23.6.2>2.16.840.1.113883.4.7</OBX.23.6.2>
              <OBX.23.6.3>ISO</OBX.23.6.3>
            </OBX.23.6>
            <OBX.23.7>XX</OBX.23.7>
            <OBX.23.10>24D9871327</OBX.23.10>
          </OBX.23>
          <OBX.24>
            <OBX.24.1>
              <OBX.24.1.1>2070 Test Park</OBX.24.1.1>
            </OBX.24.1>
            <OBX.24.3>Los Angeles</OBX.24.3>
            <OBX.24.4>CA</OBX.24.4>
            <OBX.24.5>90067</OBX.24.5>
            <OBX.24.6>USA</OBX.24.6>
            <OBX.24.7>B</OBX.24.7>
            <OBX.24.9>06037</OBX.24.9>
          </OBX.24>
          <OBX.25>
            <OBX.25.2>
              <OBX.25.2.1>Knowsalot</OBX.25.2.1>
            </OBX.25.2>
            <OBX.25.3>Phil</OBX.25.3>
            <OBX.25.4>J.</OBX.25.4>
            <OBX.25.6>Dr.</OBX.25.6>
          </OBX.25>
          <OBX.29>RSLT</OBX.29>
        </OBX>
      </ORU_R01.PATIENT_RESULT.ORDER_OBSERVATION.OBSERVATION>
      <ORU_R01.PATIENT_RESULT.ORDER_OBSERVATION.OBSERVATION>
        <OBX>
          <OBX.1>6</OBX.1>
          <OBX.2>CWE</OBX.2>
          <OBX.3>
            <OBX.3.1>5195-3</OBX.3.1>
            <OBX.3.2>Hepatitis B virus surface Ag [Presence] in Serum</OBX.3.2>
            <OBX.3.3>LN</OBX.3.3>
            <OBX.3.4>HBVsAG</OBX.3.4>
            <OBX.3.5>Hepatitis B surface antigen (HBsAg)</OBX.3.5>
            <OBX.3.6>L</OBX.3.6>
            <OBX.3.7>2.52</OBX.3.7>
          </OBX.3>
          <OBX.5>
            <OBX.5.1>260385009</OBX.5.1>
            <OBX.5.2>Negative (qualifier value)</OBX.5.2>
            <OBX.5.3>SCT</OBX.5.3>
            <OBX.5.4>NEG</OBX.5.4>
            <OBX.5.5>NEGATIVE</OBX.5.5>
            <OBX.5.6>L</OBX.5.6>
            <OBX.5.7>201509USEd</OBX.5.7>
            <OBX.5.9>Negative (qualifier value)</OBX.5.9>
          </OBX.5>
          <OBX.7>Negative</OBX.7>
          <OBX.8>N</OBX.8>
          <OBX.11>F</OBX.11>
          <OBX.14>
            <OBX.14.1>20150925</OBX.14.1>
          </OBX.14>
          <OBX.19>
            <OBX.19.1>201509261400</OBX.19.1>
          </OBX.19>
          <OBX.23>
            <OBX.23.1>Century Hospital</OBX.23.1>
            <OBX.23.6>
              <OBX.23.6.1>CLIA</OBX.23.6.1>
              <OBX.23.6.2>2.16.840.1.113883.4.7</OBX.23.6.2>
              <OBX.23.6.3>ISO</OBX.23.6.3>
            </OBX.23.6>
            <OBX.23.7>XX</OBX.23.7>
            <OBX.23.10>24D9871327</OBX.23.10>
          </OBX.23>
          <OBX.24>
            <OBX.24.1>
              <OBX.24.1.1>2070 Test Park</OBX.24.1.1>
            </OBX.24.1>
            <OBX.24.3>Los Angeles</OBX.24.3>
            <OBX.24.4>CA</OBX.24.4>
            <OBX.24.5>90067</OBX.24.5>
            <OBX.24.6>USA</OBX.24.6>
            <OBX.24.7>B</OBX.24.7>
            <OBX.24.9>06037</OBX.24.9>
          </OBX.24>
          <OBX.25>
            <OBX.25.2>
              <OBX.25.2.1>Knowsalot</OBX.25.2.1>
            </OBX.25.2>
            <OBX.25.3>Phil</OBX.25.3>
            <OBX.25.4>J.</OBX.25.4>
            <OBX.25.6>Dr.</OBX.25.6>
          </OBX.25>
          <OBX.29>RSLT</OBX.29>
        </OBX>
      </ORU_R01.PATIENT_RESULT.ORDER_OBSERVATION.OBSERVATION>
      <ORU_R01.PATIENT_RESULT.ORDER_OBSERVATION.OBSERVATION>
        <OBX>
          <OBX.1>7</OBX.1>
          <OBX.2>CWE</OBX.2>
          <OBX.3>
            <OBX.3.1>22322-2</OBX.3.1>
            <OBX.3.2>Hepatitis B virus surface Ab [Presence] in Serum</OBX.3.2>
            <OBX.3.3>LN</OBX.3.3>
            <OBX.3.4>HBVSAB</OBX.3.4>
            <OBX.3.5>Hepatitis B surface antibody (anti-HBVs)</OBX.3.5>
            <OBX.3.6>L</OBX.3.6>
            <OBX.3.7>2.52</OBX.3.7>
          </OBX.3>
          <OBX.5>
            <OBX.5.1>260385009</OBX.5.1>
            <OBX.5.2>Negative (qualifier value)</OBX.5.2>
            <OBX.5.3>SCT</OBX.5.3>
            <OBX.5.4>NEG</OBX.5.4>
            <OBX.5.5>NEGATIVE</OBX.5.5>
            <OBX.5.6>L</OBX.5.6>
            <OBX.5.7>201509USEd</OBX.5.7>
            <OBX.5.9>Negative (qualifier value)</OBX.5.9>
          </OBX.5>
          <OBX.7>Negative</OBX.7>
          <OBX.8>N</OBX.8>
          <OBX.11>F</OBX.11>
          <OBX.14>
            <OBX.14.1>20150925</OBX.14.1>
          </OBX.14>
          <OBX.19>
            <OBX.19.1>201509261400</OBX.19.1>
          </OBX.19>
          <OBX.23>
            <OBX.23.1>Century Hospital</OBX.23.1>
            <OBX.23.6>
              <OBX.23.6.1>CLIA</OBX.23.6.1>
              <OBX.23.6.2>2.16.840.1.113883.4.7</OBX.23.6.2>
              <OBX.23.6.3>ISO</OBX.23.6.3>
            </OBX.23.6>
            <OBX.23.7>XX</OBX.23.7>
            <OBX.23.10>24D9871327</OBX.23.10>
          </OBX.23>
          <OBX.24>
            <OBX.24.1>
              <OBX.24.1.1>2070 Test Park</OBX.24.1.1>
            </OBX.24.1>
            <OBX.24.3>Los Angeles</OBX.24.3>
            <OBX.24.4>CA</OBX.24.4>
            <OBX.24.5>90067</OBX.24.5>
            <OBX.24.6>USA</OBX.24.6>
            <OBX.24.7>B</OBX.24.7>
            <OBX.24.9>06037</OBX.24.9>
          </OBX.24>
          <OBX.25>
            <OBX.25.2>
              <OBX.25.2.1>Knowsalot</OBX.25.2.1>
            </OBX.25.2>
            <OBX.25.3>Phil</OBX.25.3>
            <OBX.25.4>J.</OBX.25.4>
            <OBX.25.6>Dr.</OBX.25.6>
          </OBX.25>
          <OBX.29>RSLT</OBX.29>
        </OBX>
      </ORU_R01.PATIENT_RESULT.ORDER_OBSERVATION.OBSERVATION>
      <ORU_R01.PATIENT_RESULT.ORDER_OBSERVATION.OBSERVATION>
        <OBX>
          <OBX.1>8</OBX.1>
          <OBX.2>CWE</OBX.2>
          <OBX.3>
            <OBX.3.1>16128-1</OBX.3.1>
            <OBX.3.2>Hepatitis C virus Ab [Presence] in Serum</OBX.3.2>
            <OBX.3.3>LN</OBX.3.3>
            <OBX.3.4>HCVAB</OBX.3.4>
            <OBX.3.5>Hepatitis C antibody screen  (anti-HCV)</OBX.3.5>
            <OBX.3.6>L</OBX.3.6>
            <OBX.3.7>2.52</OBX.3.7>
          </OBX.3>
          <OBX.5>
            <OBX.5.1>10828004</OBX.5.1>
            <OBX.5.2>Positive (qualifier value)</OBX.5.2>
            <OBX.5.3>SCT</OBX.5.3>
            <OBX.5.4>POS</OBX.5.4>
            <OBX.5.5>POSITIVE</OBX.5.5>
            <OBX.5.6>L</OBX.5.6>
            <OBX.5.7>201509USEd</OBX.5.7>
            <OBX.5.9>Positive (qualifier value)</OBX.5.9>
          </OBX.5>
          <OBX.7>Negative</OBX.7>
          <OBX.8>A</OBX.8>
          <OBX.11>F</OBX.11>
          <OBX.14>
            <OBX.14.1>20150925</OBX.14.1>
          </OBX.14>
          <OBX.19>
            <OBX.19.1>201509261400</OBX.19.1>
          </OBX.19>
          <OBX.23>
            <OBX.23.1>Century Hospital</OBX.23.1>
            <OBX.23.6>
              <OBX.23.6.1>CLIA</OBX.23.6.1>
              <OBX.23.6.2>2.16.840.1.113883.4.7</OBX.23.6.2>
              <OBX.23.6.3>ISO</OBX.23.6.3>
            </OBX.23.6>
            <OBX.23.7>XX</OBX.23.7>
            <OBX.23.10>24D9871327</OBX.23.10>
          </OBX.23>
          <OBX.24>
            <OBX.24.1>
              <OBX.24.1.1>2070 Test Park</OBX.24.1.1>
            </OBX.24.1>
            <OBX.24.3>Los Angeles</OBX.24.3>
            <OBX.24.4>CA</OBX.24.4>
            <OBX.24.5>90067</OBX.24.5>
            <OBX.24.6>USA</OBX.24.6>
            <OBX.24.7>B</OBX.24.7>
            <OBX.24.9>06037</OBX.24.9>
          </OBX.24>
          <OBX.25>
            <OBX.25.2>
              <OBX.25.2.1>Knowsalot</OBX.25.2.1>
            </OBX.25.2>
            <OBX.25.3>Phil</OBX.25.3>
            <OBX.25.4>J.</OBX.25.4>
            <OBX.25.6>Dr.</OBX.25.6>
          </OBX.25>
          <OBX.29>RSLT</OBX.29>
        </OBX>
      </ORU_R01.PATIENT_RESULT.ORDER_OBSERVATION.OBSERVATION>
      <ORU_R01.PATIENT_RESULT.ORDER_OBSERVATION.OBSERVATION>
        <OBX>
          <OBX.1>9</OBX.1>
          <OBX.2>SN</OBX.2>
          <OBX.3>
            <OBX.3.1>48159-8</OBX.3.1>
            <OBX.3.2>Hepatitis C virus Ab Signal/Cutoff in Serum or Plasma by Immunoassay</OBX.3.2>
            <OBX.3.3>LN</OBX.3.3>
            <OBX.3.4>HCVSCO</OBX.3.4>
            <OBX.3.5>Hepatitis C antibodies Signal to Cut-off Ratio</OBX.3.5>
            <OBX.3.6>L</OBX.3.6>
            <OBX.3.7>2.52</OBX.3.7>
          </OBX.3>
          <OBX.5>
            <OBX.5.2>10.8</OBX.5.2>
          </OBX.5>
          <OBX.6>
            <OBX.6.1>{s_co_ratio}</OBX.6.1>
            <OBX.6.2>Signal to cutoff ratio</OBX.6.2>
            <OBX.6.3>UCUM</OBX.6.3>
            <OBX.6.4>s/co</OBX.6.4>
            <OBX.6.6>L</OBX.6.6>
            <OBX.6.7>1.9</OBX.6.7>
          </OBX.6>
          <OBX.7>0.0-0.9 s/co</OBX.7>
          <OBX.8>H</OBX.8>
          <OBX.11>F</OBX.11>
          <OBX.14>
            <OBX.14.1>20150925</OBX.14.1>
          </OBX.14>
          <OBX.19>
            <OBX.19.1>201509261400</OBX.19.1>
          </OBX.19>
          <OBX.23>
            <OBX.23.1>Century Hospital</OBX.23.1>
            <OBX.23.6>
              <OBX.23.6.1>CLIA</OBX.23.6.1>
              <OBX.23.6.2>2.16.840.1.113883.4.7</OBX.23.6.2>
              <OBX.23.6.3>ISO</OBX.23.6.3>
            </OBX.23.6>
            <OBX.23.7>XX</OBX.23.7>
            <OBX.23.10>24D9871327</OBX.23.10>
          </OBX.23>
          <OBX.24>
            <OBX.24.1>
              <OBX.24.1.1>2070 Test Park</OBX.24.1.1>
            </OBX.24.1>
            <OBX.24.3>Los Angeles</OBX.24.3>
            <OBX.24.4>CA</OBX.24.4>
            <OBX.24.5>90067</OBX.24.5>
            <OBX.24.6>USA</OBX.24.6>
            <OBX.24.7>B</OBX.24.7>
            <OBX.24.9>06037</OBX.24.9>
          </OBX.24>
          <OBX.25>
            <OBX.25.2>
              <OBX.25.2.1>Knowsalot</OBX.25.2.1>
            </OBX.25.2>
            <OBX.25.3>Phil</OBX.25.3>
            <OBX.25.4>J.</OBX.25.4>
            <OBX.25.6>Dr.</OBX.25.6>
          </OBX.25>
          <OBX.29>RSLT</OBX.29>
        </OBX>
        <NTE>
          <NTE.1>1</NTE.1>
          <NTE.3>Negative:   &lt; 0.8; Indeterminate 0.8 - 0.9; Positive:  &gt; 0.9</NTE.3>
        </NTE>
        <NTE>
          <NTE.1>2</NTE.1>
          <NTE.3>In order to reduce the incidence of a false positive result, the CDC recommends that all s/co ratios between 1.0 and 10.9 be confirmed with additional Verification or PCR testing.</NTE.3>
        </NTE>
      </ORU_R01.PATIENT_RESULT.ORDER_OBSERVATION.OBSERVATION>
      <ORU_R01.PATIENT_RESULT.ORDER_OBSERVATION.SPECIMEN>
        <SPM>
          <SPM.1>1</SPM.1>
          <SPM.2>
            <SPM.2.1>
              <SPM.2.1.1>S-2015-666666</SPM.2.1.1>
              <SPM.2.1.3>2.16.840.1.113883.3.72.5.24</SPM.2.1.3>
              <SPM.2.1.4>ISO</SPM.2.1.4>
            </SPM.2.1>
            <SPM.2.2>
              <SPM.2.2.1>S-991133</SPM.2.2.1>
              <SPM.2.2.3>2.16.840.1.113883.3.72.5.25</SPM.2.2.3>
              <SPM.2.2.4>ISO</SPM.2.2.4>
            </SPM.2.2>
          </SPM.2>
          <SPM.4>
            <SPM.4.1>119364003</SPM.4.1>
            <SPM.4.2>Serum specimen (specimen)</SPM.4.2>
            <SPM.4.3>SCT</SPM.4.3>
            <SPM.4.4>SER</SPM.4.4>
            <SPM.4.5>Serum</SPM.4.5>
            <SPM.4.6>L</SPM.4.6>
            <SPM.4.7>201509USEd</SPM.4.7>
          </SPM.4>
          <SPM.17>
            <SPM.17.1>
              <SPM.17.1.1>20150925</SPM.17.1.1>
            </SPM.17.1>
          </SPM.17>
        </SPM>
      </ORU_R01.PATIENT_RESULT.ORDER_OBSERVATION.SPECIMEN>
    </ORU_R01.PATIENT_RESULT.ORDER_OBSERVATION>
    <ORU_R01.PATIENT_RESULT.ORDER_OBSERVATION>
      <ORC>
        <ORC.1>RE</ORC.1>
        <ORC.3>
          <ORC.3.1>R-512</ORC.3.1>
          <ORC.3.3>2.16.840.1.113883.3.72.5.25</ORC.3.3>
          <ORC.3.4>ISO</ORC.3.4>
        </ORC.3>
        <ORC.12>
          <ORC.12.1>5742200012</ORC.12.1>
          <ORC.12.2>
            <ORC.12.2.1>Radon</ORC.12.2.1>
          </ORC.12.2>
          <ORC.12.3>Nicholas</ORC.12.3>
          <ORC.12.6>DR</ORC.12.6>
          <ORC.12.9>
            <ORC.12.9.2>2.16.840.1.113883.4.6</ORC.12.9.2>
            <ORC.12.9.3>ISO</ORC.12.9.3>
          </ORC.12.9>
          <ORC.12.10>L</ORC.12.10>
          <ORC.12.13>NPI</ORC.12.13>
        </ORC.12>
        <ORC.31>
          <ORC.31.1>HepABC Panel</ORC.31.1>
          <ORC.31.2>Hepatitis A B C Panel</ORC.31.2>
          <ORC.31.3>L</ORC.31.3>
        </ORC.31>
      </ORC>
      <OBR>
        <OBR.1>2</OBR.1>
        <OBR.3>
          <OBR.3.1>R-512</OBR.3.1>
          <OBR.3.3>2.16.840.1.113883.3.72.5.25</OBR.3.3>
          <OBR.3.4>ISO</OBR.3.4>
        </OBR.3>
        <OBR.4>
          <OBR.4.1>11011-4</OBR.4.1>
          <OBR.4.2>Hepatitis C virus RNA [Units/volume] (viral load) in Serum or Plasma by Probe and target amplification method</OBR.4.2>
          <OBR.4.3>LN</OBR.4.3>
          <OBR.4.4>HCVRNA</OBR.4.4>
          <OBR.4.5>Hepatitis C RNA PCR</OBR.4.5>
          <OBR.4.6>L</OBR.4.6>
          <OBR.4.7>2.52</OBR.4.7>
        </OBR.4>
        <OBR.7>
          <OBR.7.1>20150925</OBR.7.1>
        </OBR.7>
        <OBR.11>G</OBR.11>
        <OBR.16>
          <OBR.16.1>5742200012</OBR.16.1>
          <OBR.16.2>
            <OBR.16.2.1>Radon</OBR.16.2.1>
          </OBR.16.2>
          <OBR.16.3>Nicholas</OBR.16.3>
          <OBR.16.6>DR</OBR.16.6>
          <OBR.16.9>
            <OBR.16.9.2>2.16.840.1.113883.4.6</OBR.16.9.2>
            <OBR.16.9.3>ISO</OBR.16.9.3>
          </OBR.16.9>
          <OBR.16.10>L</OBR.16.10>
          <OBR.16.13>NPI</OBR.16.13>
        </OBR.16>
        <OBR.22>
          <OBR.22.1>20150929102500</OBR.22.1>
        </OBR.22>
        <OBR.25>F</OBR.25>
        <OBR.26>
          <OBR.26.1>
            <OBR.26.1.1>16128-1</OBR.26.1.1>
            <OBR.26.1.2>Hepatitis C virus Ab [Presence] in Serum</OBR.26.1.2>
            <OBR.26.1.3>LN</OBR.26.1.3>
            <OBR.26.1.4>HCVAB</OBR.26.1.4>
            <OBR.26.1.5>Hepatitis C antibody screen  (anti-HCV)</OBR.26.1.5>
            <OBR.26.1.6>L</OBR.26.1.6>
            <OBR.26.1.7>2.52</OBR.26.1.7>
          </OBR.26.1>
        </OBR.26>
        <OBR.29>
          <OBR.29.1>
            <OBR.29.1.1>ORD448811</OBR.29.1.1>
            <OBR.29.1.3>2.16.840.1.113883.3.72.5.24</OBR.29.1.3>
            <OBR.29.1.4>ISO</OBR.29.1.4>
          </OBR.29.1>
          <OBR.29.2>
            <OBR.29.2.1>R-511</OBR.29.2.1>
            <OBR.29.2.3>2.16.840.1.113883.3.72.5.25</OBR.29.2.3>
            <OBR.29.2.4>ISO</OBR.29.2.4>
          </OBR.29.2>
        </OBR.29>
        <OBR.50>
          <OBR.50.1>HepABC Panel</OBR.50.1>
          <OBR.50.2>Hepatitis A B C Panel</OBR.50.2>
          <OBR.50.3>L</OBR.50.3>
        </OBR.50>
      </OBR>
      <ORU_R01.PATIENT_RESULT.ORDER_OBSERVATION.OBSERVATION>
        <OBX>
          <OBX.1>1</OBX.1>
          <OBX.2>SN</OBX.2>
          <OBX.3>
            <OBX.3.1>11011-4</OBX.3.1>
            <OBX.3.2>Hepatitis C virus RNA [Units/volume] (viral load) in Serum or Plasma by Probe and target amplification method</OBX.3.2>
            <OBX.3.3>LN</OBX.3.3>
            <OBX.3.4>HCVRNA</OBX.3.4>
            <OBX.3.5>Hepatitis C RNA PCR</OBX.3.5>
            <OBX.3.6>L</OBX.3.6>
            <OBX.3.7>2.52</OBX.3.7>
          </OBX.3>
          <OBX.5>
            <OBX.5.2>7611200</OBX.5.2>
          </OBX.5>
          <OBX.6>
            <OBX.6.1>[IU]/mL</OBX.6.1>
            <OBX.6.2>international unit per milliliter</OBX.6.2>
            <OBX.6.3>UCUM</OBX.6.3>
            <OBX.6.4>IU/ml</OBX.6.4>
            <OBX.6.6>L</OBX.6.6>
            <OBX.6.7>1.9</OBX.6.7>
          </OBX.6>
          <OBX.7>&lt;43 IU/mL</OBX.7>
          <OBX.8>H</OBX.8>
          <OBX.11>F</OBX.11>
          <OBX.14>
            <OBX.14.1>20150925</OBX.14.1>
          </OBX.14>
          <OBX.19>
            <OBX.19.1>20120629092700</OBX.19.1>
          </OBX.19>
          <OBX.23>
            <OBX.23.1>Century Hospital</OBX.23.1>
            <OBX.23.6>
              <OBX.23.6.1>CLIA</OBX.23.6.1>
              <OBX.23.6.2>2.16.840.1.113883.4.7</OBX.23.6.2>
              <OBX.23.6.3>ISO</OBX.23.6.3>
            </OBX.23.6>
            <OBX.23.7>XX</OBX.23.7>
            <OBX.23.10>24D9871327</OBX.23.10>
          </OBX.23>
          <OBX.24>
            <OBX.24.1>
              <OBX.24.1.1>2070 Test Park</OBX.24.1.1>
            </OBX.24.1>
            <OBX.24.3>Los Angeles</OBX.24.3>
            <OBX.24.4>CA</OBX.24.4>
            <OBX.24.5>90067</OBX.24.5>
            <OBX.24.6>USA</OBX.24.6>
            <OBX.24.7>B</OBX.24.7>
            <OBX.24.9>06037</OBX.24.9>
          </OBX.24>
          <OBX.25>
            <OBX.25.2>
              <OBX.25.2.1>Knowsalot</OBX.25.2.1>
            </OBX.25.2>
            <OBX.25.3>Phil</OBX.25.3>
            <OBX.25.4>J.</OBX.25.4>
            <OBX.25.6>Dr.</OBX.25.6>
          </OBX.25>
          <OBX.29>RSLT</OBX.29>
        </OBX>
      </ORU_R01.PATIENT_RESULT.ORDER_OBSERVATION.OBSERVATION>
      <ORU_R01.PATIENT_RESULT.ORDER_OBSERVATION.SPECIMEN>
        <SPM>
          <SPM.1>1</SPM.1>
          <SPM.2>
            <SPM.2.1>
              <SPM.2.1.1>S-2015-666666</SPM.2.1.1>
              <SPM.2.1.3>2.16.840.1.113883.3.72.5.24</SPM.2.1.3>
              <SPM.2.1.4>ISO</SPM.2.1.4>
            </SPM.2.1>
            <SPM.2.2>
              <SPM.2.2.1>S-991133</SPM.2.2.1>
              <SPM.2.2.3>2.16.840.1.113883.3.72.5.25</SPM.2.2.3>
              <SPM.2.2.4>ISO</SPM.2.2.4>
            </SPM.2.2>
          </SPM.2>
          <SPM.4>
            <SPM.4.1>119364003</SPM.4.1>
            <SPM.4.2>Serum specimen (specimen)</SPM.4.2>
            <SPM.4.3>SCT</SPM.4.3>
            <SPM.4.4>SER</SPM.4.4>
            <SPM.4.5>Serum</SPM.4.5>
            <SPM.4.6>L</SPM.4.6>
            <SPM.4.7>201509USEd</SPM.4.7>
          </SPM.4>
          <SPM.17>
            <SPM.17.1>
              <SPM.17.1.1>20150925</SPM.17.1.1>
            </SPM.17.1>
          </SPM.17>
        </SPM>
      </ORU_R01.PATIENT_RESULT.ORDER_OBSERVATION.SPECIMEN>
    </ORU_R01.PATIENT_RESULT.ORDER_OBSERVATION>
  </ORU_R01.PATIENT_RESULT>
</ORU_R01>
