<?xml version="1.0" encoding="UTF-8"?>
<ORU_R01>
  <MSH>
    <MSH.1>|</MSH.1>
    <MSH.2>^~\&amp;</MSH.2>
    <MSH.3>
      <MSH.3.2>2.16.840.1.113883.3.72.5.20</MSH.3.2>
      <MSH.3.3>ISO</MSH.3.3>
    </MSH.3>
    <MSH.4>
      <MSH.4.2>2.16.840.1.113883.3.72.5.21</MSH.4.2>
      <MSH.4.3>ISO</MSH.4.3>
    </MSH.4>
    <MSH.6>
      <MSH.6.2>2.16.840.1.113883.3.72.5.23</MSH.6.2>
      <MSH.6.3>ISO</MSH.6.3>
    </MSH.6>
    <MSH.7>
      <MSH.7.1>20150926140551</MSH.7.1>
    </MSH.7>
    <MSH.9>
      <MSH.9.1>ORU</MSH.9.1>
      <MSH.9.2>R01</MSH.9.2>
      <MSH.9.3>ORU_R01</MSH.9.3>
    </MSH.9>
    <MSH.10>LRI_6.0_1.1-GU</MSH.10>
    <MSH.11>
      <MSH.11.1>D</MSH.11.1>
    </MSH.11>
    <MSH.12>
      <MSH.12.1>2.5.1</MSH.12.1>
    </MSH.12>
    <MSH.15>AL</MSH.15>
    <MSH.16>AL</MSH.16>
    <MSH.21>
      <MSH.21.1>LRI_Common_Component</MSH.21.1>
      <MSH.21.3>2.16.840.1.113883.9.16</MSH.21.3>
      <MSH.21.4>ISO</MSH.21.4>
    </MSH.21>
    <MSH.21>
      <MSH.21.1>LRI_GU_Component</MSH.21.1>
      <MSH.21.3>2.16.840.1.113883.9.12</MSH.21.3>
      <MSH.21.4>ISO</MSH.21.4>
    </MSH.21>
    <MSH.21>
      <MSH.21.1>LRI_FRU_Component</MSH.21.1>
      <MSH.21.3>2.16.840.1.113883.9.83</MSH.21.3>
      <MSH.21.4>ISO</MSH.21.4>
    </MSH.21>
  </MSH>
  <ORU_R01.PATIENT_RESULT>
    <ORU_R01.PATIENT_RESULT.PATIENT>
      <PID>
        <PID.1>1</PID.1>
        <PID.3>
          <PID.3.1>PATID40</PID.3.1>
          <PID.3.4>
            <PID.3.4.1>NIST MPI</PID.3.4.1>
            <PID.3.4.2>2.16.840.1.113883.3.72.5.30.2</PID.3.4.2>
            <PID.3.4.3>ISO</PID.3.4.3>
          </PID.3.4>
          <PID.3.5>MR</PID.3.5>
        </PID.3>
        <PID.5>
          <PID.5.1>
            <PID.5.1.1>Lopez</PID.5.1.1>
          </PID.5.1>
          <PID.5.2>Delores</PID.5.2>
          <PID.5.7>L</PID.5.7>
        </PID.5>
        <PID.7>
          <PID.7.1>19880906</PID.7.1>
        </PID.7>
        <PID.8>F</PID.8>
        <PID.10>
          <PID.10.1>2106-3</PID.10.1>
          <PID.10.2>White</PID.10.2>
          <PID.10.3>HL70005</PID.10.3>
        </PID.10>
        <PID.18>
          <PID.18.1>PATID40</PID.18.1>
          <PID.18.4>
            <PID.18.4.1>NIST MPI</PID.18.4.1>
            <PID.18.4.2>2.16.840.1.113883.3.72.5.30.2</PID.18.4.2>
            <PID.18.4.3>ISO</PID.18.4.3>
          </PID.18.4>
          <PID.18.5>AN</PID.18.5>
        </PID.18>
      </PID>
    </ORU_R01.PATIENT_RESULT.PATIENT>
    <ORU_R01.PATIENT_RESULT.ORDER_OBSERVATION>
      <ORC>
        <ORC.1>RE</ORC.1>
        <ORC.2>
          <ORC.2.1>ORD40</ORC.2.1>
          <ORC.2.2>NIST EHR</ORC.2.2>
          <ORC.2.3>2.16.840.1.113883.3.72.5.24</ORC.2.3>
          <ORC.2.4>ISO</ORC.2.4>
        </ORC.2>
        <ORC.3>
          <ORC.3.1>R-400</ORC.3.1>
          <ORC.3.2>NIST Lab Filler</ORC.3.2>
          <ORC.3.3>2.16.840.1.113883.3.72.5.20</ORC.3.3>
          <ORC.3.4>ISO</ORC.3.4>
        </ORC.3>
        <ORC.12>
          <ORC.12.1>2345654323</ORC.12.1>
          <ORC.12.2>
            <ORC.12.2.1>Matalon</ORC.12.2.1>
          </ORC.12.2>
          <ORC.12.3>Mary</ORC.12.3>
          <ORC.12.4>Katherine</ORC.12.4>
          <ORC.12.6>DR</ORC.12.6>
          <ORC.12.9>
            <ORC.12.9.1>NPI</ORC.12.9.1>
            <ORC.12.9.2>2.16.840.1.113883.4.6</ORC.12.9.2>
            <ORC.12.9.3>ISO</ORC.12.9.3>
          </ORC.12.9>
          <ORC.12.10>L</ORC.12.10>
          <ORC.12.13>NPI</ORC.12.13>
        </ORC.12>
      </ORC>
      <OBR>
        <OBR.1>1</OBR.1>
        <OBR.2>
          <OBR.2.1>ORD40</OBR.2.1>
          <OBR.2.2>NIST EHR</OBR.2.2>
          <OBR.2.3>2.16.840.1.113883.3.72.5.24</OBR.2.3>
          <OBR.2.4>ISO</OBR.2.4>
        </OBR.2>
        <OBR.3>
          <OBR.3.1>R-400</OBR.3.1>
          <OBR.3.2>NIST Lab Filler</OBR.3.2>
          <OBR.3.3>2.16.840.1.113883.3.72.5.20</OBR.3.3>
          <OBR.3.4>ISO</OBR.3.4>
        </OBR.3>
        <OBR.4>
          <OBR.4.1>47527-7</OBR.4.1>
          <OBR.4.2>Cytology report of Cervical or vaginal smear or scraping Cyto stain.thin prep</OBR.4.2>
          <OBR.4.3>LN</OBR.4.3>
          <OBR.4.4>610</OBR.4.4>
          <OBR.4.5>Pap Test</OBR.4.5>
          <OBR.4.6>99USL</OBR.4.6>
          <OBR.4.7>2.52</OBR.4.7>
        </OBR.4>
        <OBR.7>
          <OBR.7.1>20130211</OBR.7.1>
        </OBR.7>
        <OBR.16>
          <OBR.16.1>2345654323</OBR.16.1>
          <OBR.16.2>
            <OBR.16.2.1>Matalon</OBR.16.2.1>
          </OBR.16.2>
          <OBR.16.3>Mary</OBR.16.3>
          <OBR.16.4>Katherine</OBR.16.4>
          <OBR.16.6>DR</OBR.16.6>
          <OBR.16.9>
            <OBR.16.9.1>NPI</OBR.16.9.1>
            <OBR.16.9.2>2.16.840.1.113883.4.6</OBR.16.9.2>
            <OBR.16.9.3>ISO</OBR.16.9.3>
          </OBR.16.9>
          <OBR.16.10>L</OBR.16.10>
          <OBR.16.13>NPI</OBR.16.13>
        </OBR.16>
        <OBR.22>
          <OBR.22.1>20130214140000</OBR.22.1>
        </OBR.22>
        <OBR.25>F</OBR.25>
      </OBR>
      <ORU_R01.PATIENT_RESULT.ORDER_OBSERVATION.OBSERVATION>
        <OBX>
          <OBX.1>1</OBX.1>
          <OBX.2>CWE</OBX.2>
          <OBX.3>
            <OBX.3.1>47527-7</OBX.3.1>
            <OBX.3.2>Cytology report of Cervical or vaginal smear or scraping Cyto stain.thin prep</OBX.3.2>
            <OBX.3.3>LN</OBX.3.3>
            <OBX.3.4>610</OBX.3.4>
            <OBX.3.5>Pap Test</OBX.3.5>
            <OBX.3.6>99USL</OBX.3.6>
            <OBX.3.7>2.52</OBX.3.7>
          </OBX.3>
          <OBX.4>
            <OBX.4.2>1</OBX.4.2>
            <OBX.4.3>1</OBX.4.3>
          </OBX.4>
          <OBX.5>
            <OBX.5.1>441087007</OBX.5.1>
            <OBX.5.2>Atypical squamous cells of undetermined significance on cervical Papanicolaou smear</OBX.5.2>
            <OBX.5.3>SCT</OBX.5.3>
            <OBX.5.7>201509USEd</OBX.5.7>
            <OBX.5.9>Atypical squamous cells of undetermined significance</OBX.5.9>
          </OBX.5>
          <OBX.11>F</OBX.11>
          <OBX.14>
            <OBX.14.1>20130211</OBX.14.1>
          </OBX.14>
          <OBX.19>
            <OBX.19.1>20130214134000</OBX.19.1>
          </OBX.19>
          <OBX.23>
            <OBX.23.1>Pacific Anatomic Pathology Services</OBX.23.1>
            <OBX.23.6>
              <OBX.23.6.1>CLIA</OBX.23.6.1>
              <OBX.23.6.2>2.16.840.1.113883.4.7</OBX.23.6.2>
              <OBX.23.6.3>ISO</OBX.23.6.3>
            </OBX.23.6>
            <OBX.23.7>XX</OBX.23.7>
            <OBX.23.10>05D8884444</OBX.23.10>
          </OBX.23>
          <OBX.24>
            <OBX.24.1>
              <OBX.24.1.1>2216 Santa Monica Blvd</OBX.24.1.1>
            </OBX.24.1>
            <OBX.24.2>Suite 114</OBX.24.2>
            <OBX.24.3>Santa Monica</OBX.24.3>
            <OBX.24.4>CA</OBX.24.4>
            <OBX.24.5>90404</OBX.24.5>
            <OBX.24.6>USA</OBX.24.6>
            <OBX.24.7>B</OBX.24.7>
            <OBX.24.9>06037</OBX.24.9>
          </OBX.24>
          <OBX.29>RSLT</OBX.29>
        </OBX>
        <NTE>
          <NTE.1>1</NTE.1>
          <NTE.3>Appropriate Follow-up. Suggest repeat as clinically indicated.</NTE.3>
        </NTE>
        <NTE>
          <NTE.1>2</NTE.1>
          <NTE.3>Women age 21 to 65 should be tested every 3 years, or if normal results of combined Pap smear and HPV infection testing every 5 years. \.br\For more information see: http://www.cdc.gov/cancer/cervical/pdf/guidelines.pdf</NTE.3>
        </NTE>
      </ORU_R01.PATIENT_RESULT.ORDER_OBSERVATION.OBSERVATION>
      <ORU_R01.PATIENT_RESULT.ORDER_OBSERVATION.OBSERVATION>
        <OBX>
          <OBX.1>2</OBX.1>
          <OBX.2>DT</OBX.2>
          <OBX.3>
            <OBX.3.1>8665-2</OBX.3.1>
            <OBX.3.2>Date last menstrual period</OBX.3.2>
            <OBX.3.3>LN</OBX.3.3>
            <OBX.3.7>2.52</OBX.3.7>
          </OBX.3>
          <OBX.4>
            <OBX.4.2>1</OBX.4.2>
            <OBX.4.3>1</OBX.4.3>
          </OBX.4>
          <OBX.5>20130128</OBX.5>
          <OBX.11>F</OBX.11>
          <OBX.14>
            <OBX.14.1>20130211</OBX.14.1>
          </OBX.14>
          <OBX.23>
            <OBX.23.1>Pacific Anatomic Pathology Services</OBX.23.1>
            <OBX.23.6>
              <OBX.23.6.1>CLIA</OBX.23.6.1>
              <OBX.23.6.2>2.16.840.1.113883.4.7</OBX.23.6.2>
              <OBX.23.6.3>ISO</OBX.23.6.3>
            </OBX.23.6>
            <OBX.23.7>XX</OBX.23.7>
            <OBX.23.10>05D8884444</OBX.23.10>
          </OBX.23>
          <OBX.24>
            <OBX.24.1>
              <OBX.24.1.1>2216 Santa Monica Blvd</OBX.24.1.1>
            </OBX.24.1>
            <OBX.24.2>Suite 114</OBX.24.2>
            <OBX.24.3>Santa Monica</OBX.24.3>
            <OBX.24.4>CA</OBX.24.4>
            <OBX.24.5>90404</OBX.24.5>
            <OBX.24.6>USA</OBX.24.6>
            <OBX.24.7>B</OBX.24.7>
            <OBX.24.9>06037</OBX.24.9>
          </OBX.24>
          <OBX.29>QST</OBX.29>
          <OBX.30>AOE</OBX.30>
        </OBX>
      </ORU_R01.PATIENT_RESULT.ORDER_OBSERVATION.OBSERVATION>
      <ORU_R01.PATIENT_RESULT.ORDER_OBSERVATION.OBSERVATION>
        <OBX>
          <OBX.1>3</OBX.1>
          <OBX.2>CWE</OBX.2>
          <OBX.3>
            <OBX.3.1>PLT458</OBX.3.1>
            <OBX.3.2>Did the patient have a previous abnormal Pap report, treatment, or biopsy?</OBX.3.2>
            <OBX.3.3>99LAB</OBX.3.3>
          </OBX.3>
          <OBX.4>
            <OBX.4.2>1</OBX.4.2>
            <OBX.4.3>1</OBX.4.3>
          </OBX.4>
          <OBX.5>
            <OBX.5.1>UNK</OBX.5.1>
            <OBX.5.2>Unknown</OBX.5.2>
            <OBX.5.3>HL70353</OBX.5.3>
          </OBX.5>
          <OBX.11>F</OBX.11>
          <OBX.14>
            <OBX.14.1>20130211</OBX.14.1>
          </OBX.14>
          <OBX.23>
            <OBX.23.1>Pacific Anatomic Pathology Services</OBX.23.1>
            <OBX.23.6>
              <OBX.23.6.1>CLIA</OBX.23.6.1>
              <OBX.23.6.2>2.16.840.1.113883.4.7</OBX.23.6.2>
              <OBX.23.6.3>ISO</OBX.23.6.3>
            </OBX.23.6>
            <OBX.23.7>XX</OBX.23.7>
            <OBX.23.10>05D8884444</OBX.23.10>
          </OBX.23>
          <OBX.24>
            <OBX.24.1>
              <OBX.24.1.1>2216 Santa Monica Blvd</OBX.24.1.1>
            </OBX.24.1>
            <OBX.24.2>Suite 114</OBX.24.2>
            <OBX.24.3>Santa Monica</OBX.24.3>
            <OBX.24.4>CA</OBX.24.4>
            <OBX.24.5>90404</OBX.24.5>
            <OBX.24.6>USA</OBX.24.6>
            <OBX.24.7>B</OBX.24.7>
            <OBX.24.9>06037</OBX.24.9>
          </OBX.24>
          <OBX.29>QST</OBX.29>
          <OBX.30>AOE</OBX.30>
        </OBX>
      </ORU_R01.PATIENT_RESULT.ORDER_OBSERVATION.OBSERVATION>
      <ORU_R01.PATIENT_RESULT.ORDER_OBSERVATION.OBSERVATION>
        <OBX>
          <OBX.1>4</OBX.1>
          <OBX.2>ED</OBX.2>
          <OBX.3>
            <OBX.3.1>47527-7</OBX.3.1>
            <OBX.3.2>Cytology report of Cervical or vaginal smear or scraping Cyto stain.thin prep</OBX.3.2>
            <OBX.3.3>LN</OBX.3.3>
            <OBX.3.4>610</OBX.3.4>
            <OBX.3.5>Pap Test</OBX.3.5>
            <OBX.3.6>99USL</OBX.3.6>
            <OBX.3.7>2.52</OBX.3.7>
          </OBX.3>
          <OBX.4>
            <OBX.4.2>1</OBX.4.2>
            <OBX.4.3>2</OBX.4.3>
          </OBX.4>
          <OBX.5>
            <OBX.5.2>AP</OBX.5.2>
            <OBX.5.3>pdf</OBX.5.3>
            <OBX.5.4>Base64</OBX.5.4>
            <OBX.5.5>This would be the 64base converted pdf document - it would be very long.</OBX.5.5>
          </OBX.5>
          <OBX.11>F</OBX.11>
          <OBX.14>
            <OBX.14.1>20130211</OBX.14.1>
          </OBX.14>
          <OBX.19>
            <OBX.19.1>20130214134000</OBX.19.1>
          </OBX.19>
          <OBX.23>
            <OBX.23.1>Pacific Anatomic Pathology Services</OBX.23.1>
            <OBX.23.6>
              <OBX.23.6.1>CLIA</OBX.23.6.1>
              <OBX.23.6.2>2.16.840.1.113883.4.7</OBX.23.6.2>
              <OBX.23.6.3>ISO</OBX.23.6.3>
            </OBX.23.6>
            <OBX.23.7>XX</OBX.23.7>
            <OBX.23.10>05D8884444</OBX.23.10>
          </OBX.23>
          <OBX.24>
            <OBX.24.1>
              <OBX.24.1.1>2216 Santa Monica Blvd</OBX.24.1.1>
            </OBX.24.1>
            <OBX.24.2>Suite 114</OBX.24.2>
            <OBX.24.3>Santa Monica</OBX.24.3>
            <OBX.24.4>CA</OBX.24.4>
            <OBX.24.5>90404</OBX.24.5>
            <OBX.24.6>USA</OBX.24.6>
            <OBX.24.7>B</OBX.24.7>
            <OBX.24.9>06037</OBX.24.9>
          </OBX.24>
          <OBX.29>RSLT</OBX.29>
        </OBX>
      </ORU_R01.PATIENT_RESULT.ORDER_OBSERVATION.OBSERVATION>
      <ORU_R01.PATIENT_RESULT.ORDER_OBSERVATION.SPECIMEN>
        <SPM>
          <SPM.1>1</SPM.1>
          <SPM.2>
            <SPM.2.1>
              <SPM.2.1.1>S-40</SPM.2.1.1>
              <SPM.2.1.2>NIST EHR</SPM.2.1.2>
              <SPM.2.1.3>2.16.840.1.113883.3.72.5.24</SPM.2.1.3>
              <SPM.2.1.4>ISO</SPM.2.1.4>
            </SPM.2.1>
            <SPM.2.2>
              <SPM.2.2.1>R-400</SPM.2.2.1>
              <SPM.2.2.2>NIST Lab Filler</SPM.2.2.2>
              <SPM.2.2.3>2.16.840.1.113883.3.72.5.20</SPM.2.2.3>
              <SPM.2.2.4>ISO</SPM.2.2.4>
            </SPM.2.2>
          </SPM.2>
          <SPM.4>
            <SPM.4.1>110951002</SPM.4.1>
            <SPM.4.2>Endocervical cytologic material</SPM.4.2>
            <SPM.4.3>SCT</SPM.4.3>
            <SPM.4.4>2134</SPM.4.4>
            <SPM.4.5>Cervical Cytology (ThinPrep)</SPM.4.5>
            <SPM.4.6>99USL</SPM.4.6>
            <SPM.4.7>201509USEd</SPM.4.7>
            <SPM.4.9>Cervical Cytology (ThinPrep)</SPM.4.9>
          </SPM.4>
          <SPM.17>
            <SPM.17.1>
              <SPM.17.1.1>20130211</SPM.17.1.1>
            </SPM.17.1>
          </SPM.17>
        </SPM>
      </ORU_R01.PATIENT_RESULT.ORDER_OBSERVATION.SPECIMEN>
    </ORU_R01.PATIENT_RESULT.ORDER_OBSERVATION>
  </ORU_R01.PATIENT_RESULT>
</ORU_R01>
