<?xml version="1.0" encoding="UTF-8"?>
<OML_O21>
  <MSH>
    <MSH.1>|</MSH.1>
    <MSH.2>^~\&amp;#</MSH.2>
    <MSH.3>
      <MSH.3.1>NIST Test Lab APP</MSH.3.1>
    </MSH.3>
    <MSH.4>
      <MSH.4.1>NIST EHR Facility</MSH.4.1>
    </MSH.4>
    <MSH.5>
      <MSH.5.1>NIST Test Lab APP</MSH.5.1>
    </MSH.5>
    <MSH.6>
      <MSH.6.1>NIST Lab Facility</MSH.6.1>
    </MSH.6>
    <MSH.7>
      <MSH.7.1>20130212184101-0500</MSH.7.1>
    </MSH.7>
    <MSH.9>
      <MSH.9.1>OML</MSH.9.1>
      <MSH.9.2>O21</MSH.9.2>
      <MSH.9.3>OML_O21</MSH.9.3>
    </MSH.9>
    <MSH.10>NIST-LOI_2.0_2.1-NG_CL</MSH.10>
    <MSH.11>
      <MSH.11.1>T</MSH.11.1>
    </MSH.11>
    <MSH.12>
      <MSH.12.1>2.5.1</MSH.12.1>
    </MSH.12>
    <MSH.15>AL</MSH.15>
    <MSH.16>AL</MSH.16>
    <MSH.21>
      <MSH.21.1>LOI_NG_PRU_Profile</MSH.21.1>
      <MSH.21.2>LOI Base + PRU + NG</MSH.21.2>
      <MSH.21.3>2.16.840.1.113883.9.87</MSH.21.3>
      <MSH.21.4>ISO</MSH.21.4>
    </MSH.21>
  </MSH>
  <OML_O21.PATIENT>
    <PID>
      <PID.1>1</PID.1>
      <PID.3>
        <PID.3.1>LABPATID1</PID.3.1>
        <PID.3.4>
          <PID.3.4.1>NIST MPI</PID.3.4.1>
        </PID.3.4>
        <PID.3.5>MR</PID.3.5>
      </PID.3>
      <PID.3>
        <PID.3.1>PATID1234</PID.3.1>
        <PID.3.4>
          <PID.3.4.1>NIST MPI</PID.3.4.1>
        </PID.3.4>
        <PID.3.5>MR</PID.3.5>
      </PID.3>
      <PID.5>
        <PID.5.1>
          <PID.5.1.1>Jones</PID.5.1.1>
        </PID.5.1>
        <PID.5.2>William</PID.5.2>
        <PID.5.3>A</PID.5.3>
        <PID.5.4>JR</PID.5.4>
        <PID.5.7>L</PID.5.7>
      </PID.5>
      <PID.7>
        <PID.7.1>19610615</PID.7.1>
      </PID.7>
      <PID.8>M</PID.8>
      <PID.10>
        <PID.10.1>2106-3</PID.10.1>
        <PID.10.2>White</PID.10.2>
        <PID.10.3>HL70005</PID.10.3>
      </PID.10>
      <PID.11>
        <PID.11.1>
          <PID.11.1.1>2100 Kennwood Ave</PID.11.1.1>
        </PID.11.1>
        <PID.11.2>Apt 41</PID.11.2>
        <PID.11.3>Los Angeles</PID.11.3>
        <PID.11.4>CA</PID.11.4>
        <PID.11.5>90067</PID.11.5>
        <PID.11.7>H</PID.11.7>
      </PID.11>
    </PID>
  </OML_O21.PATIENT>
  <OML_O21.ORDER>
    <ORC>
      <ORC.1>OC</ORC.1>
      <ORC.2>
        <ORC.2.1>ORD666555</ORC.2.1>
        <ORC.2.2>NIST EHR</ORC.2.2>
      </ORC.2>
      <ORC.3>
        <ORC.3.1>LABORD100</ORC.3.1>
        <ORC.3.2>NIST Test Lab APP</ORC.3.2>
      </ORC.3>
      <ORC.4>
        <ORC.4.1>GORD874233</ORC.4.1>
        <ORC.4.2>NIST EHR</ORC.4.2>
      </ORC.4>
      <ORC.9>
        <ORC.9.1>20120629070100</ORC.9.1>
      </ORC.9>
      <ORC.12>
        <ORC.12.1>5742200012</ORC.12.1>
        <ORC.12.2>
          <ORC.12.2.1>Radon</ORC.12.2.1>
        </ORC.12.2>
        <ORC.12.3>Nicholas</ORC.12.3>
        <ORC.12.9>
          <ORC.12.9.1>NPI</ORC.12.9.1>
        </ORC.12.9>
        <ORC.12.10>L</ORC.12.10>
        <ORC.12.13>NPI</ORC.12.13>
      </ORC.12>
    </ORC>
    <OML_O21.ORDER.OBSERVATION_REQUEST>
      <OBR>
        <OBR.1>1</OBR.1>
        <OBR.2>
          <OBR.2.1>ORD666555</OBR.2.1>
          <OBR.2.2>NIST EHR</OBR.2.2>
        </OBR.2>
        <OBR.3>
          <OBR.3.1>LABORD100</OBR.3.1>
          <OBR.3.2>NIST Test Lab APP</OBR.3.2>
        </OBR.3>
        <OBR.4>
          <OBR.4.1>200</OBR.4.1>
          <OBR.4.2>CBC_diff</OBR.4.2>
          <OBR.4.3>99USL</OBR.4.3>
          <OBR.4.4>57021-8</OBR.4.4>
          <OBR.4.5>CBC W Auto Differential panel in Blood</OBR.4.5>
          <OBR.4.6>LN</OBR.4.6>
          <OBR.4.7>20130421</OBR.4.7>
        </OBR.4>
        <OBR.7>
          <OBR.7.1>20120629070100-0800</OBR.7.1>
        </OBR.7>
        <OBR.16>
          <OBR.16.1>5742200012</OBR.16.1>
          <OBR.16.2>
            <OBR.16.2.1>Radon</OBR.16.2.1>
          </OBR.16.2>
          <OBR.16.3>Nicholas</OBR.16.3>
          <OBR.16.9>
            <OBR.16.9.1>NPI</OBR.16.9.1>
          </OBR.16.9>
          <OBR.16.10>L</OBR.16.10>
          <OBR.16.13>NPI</OBR.16.13>
        </OBR.16>
      </OBR>
      <NTE>
        <NTE.1>1</NTE.1>
        <NTE.3>Cancel Order- Broken Lavender Top Tube</NTE.3>
      </NTE>
    </OML_O21.ORDER.OBSERVATION_REQUEST>
  </OML_O21.ORDER>
</OML_O21>
