<?xml version="1.0" encoding="UTF-8"?>
<OML_O21>
  <MSH>
    <MSH.1>|</MSH.1>
    <MSH.2>^~\&amp;#</MSH.2>
    <MSH.3>
      <MSH.3.1>NIST EHR</MSH.3.1>
      <MSH.3.2>2.16.840.1.113883.3.72.5.22</MSH.3.2>
      <MSH.3.3>ISO</MSH.3.3>
    </MSH.3>
    <MSH.4>
      <MSH.4.1>NIST EHR Facility</MSH.4.1>
      <MSH.4.2>2.16.840.1.113883.3.72.5.23</MSH.4.2>
      <MSH.4.3>ISO</MSH.4.3>
    </MSH.4>
    <MSH.5>
      <MSH.5.1>NIST Test Lab APP</MSH.5.1>
      <MSH.5.2>2.16.840.1.113883.3.72.5.20</MSH.5.2>
      <MSH.5.3>ISO</MSH.5.3>
    </MSH.5>
    <MSH.6>
      <MSH.6.1>NIST Lab Facility</MSH.6.1>
      <MSH.6.2>2.16.840.1.113883.3.72.5.21</MSH.6.2>
      <MSH.6.3>ISO</MSH.6.3>
    </MSH.6>
    <MSH.7>
      <MSH.7.1>20130211184101-0500</MSH.7.1>
    </MSH.7>
    <MSH.9>
      <MSH.9.1>OML</MSH.9.1>
      <MSH.9.2>O21</MSH.9.2>
      <MSH.9.3>OML_O21</MSH.9.3>
    </MSH.9>
    <MSH.10>NIST-LOI_9.0_1.1-GU_PRU</MSH.10>
    <MSH.11>
      <MSH.11.1>T</MSH.11.1>
    </MSH.11>
    <MSH.12>
      <MSH.12.1>2.5.1</MSH.12.1>
    </MSH.12>
    <MSH.15>AL</MSH.15>
    <MSH.16>AL</MSH.16>
    <MSH.21>
      <MSH.21.1>LOI_Common_Component</MSH.21.1>
      <MSH.21.2>LOI Base Profile</MSH.21.2>
      <MSH.21.3>2.16.840.1.113883.9.66</MSH.21.3>
      <MSH.21.4>ISO</MSH.21.4>
    </MSH.21>
    <MSH.21>
      <MSH.21.1>LOI_GU_Component</MSH.21.1>
      <MSH.21.2>LOI GU Profile</MSH.21.2>
      <MSH.21.3>2.16.840.1.113883.9.78</MSH.21.3>
      <MSH.21.4>ISO</MSH.21.4>
    </MSH.21>
    <MSH.21>
      <MSH.21.1>LAB_PRU_Component</MSH.21.1>
      <MSH.21.2>LOI PRU Profile</MSH.21.2>
      <MSH.21.3>2.16.840.1.113883.9.82</MSH.21.3>
      <MSH.21.4>ISO</MSH.21.4>
    </MSH.21>
  </MSH>
  <OML_O21.PATIENT>
    <PID>
      <PID.1>1</PID.1>
      <PID.3>
        <PID.3.1>PATID14567</PID.3.1>
        <PID.3.4>
          <PID.3.4.1>NIST MPI</PID.3.4.1>
          <PID.3.4.2>2.16.840.1.113883.3.72.5.30.2</PID.3.4.2>
          <PID.3.4.3>ISO</PID.3.4.3>
        </PID.3.4>
        <PID.3.5>MR</PID.3.5>
      </PID.3>
      <PID.5>
        <PID.5.1>
          <PID.5.1.1>Hernandez</PID.5.1.1>
        </PID.5.1>
        <PID.5.2>Maria</PID.5.2>
        <PID.5.7>L</PID.5.7>
      </PID.5>
      <PID.7>
        <PID.7.1>19880906</PID.7.1>
      </PID.7>
      <PID.8>F</PID.8>
      <PID.10>
        <PID.10.1>2054-5</PID.10.1>
        <PID.10.2>Black or African American</PID.10.2>
        <PID.10.3>HL70005</PID.10.3>
      </PID.10>
      <PID.11>
        <PID.11.1>
          <PID.11.1.1>3248 E Florence Ave</PID.11.1.1>
        </PID.11.1>
        <PID.11.3>Huntington Park</PID.11.3>
        <PID.11.4>CA</PID.11.4>
        <PID.11.5>90255</PID.11.5>
        <PID.11.7>H</PID.11.7>
      </PID.11>
      <PID.13>
        <PID.13.3>PH</PID.13.3>
        <PID.13.6>323</PID.13.6>
        <PID.13.7>5825421</PID.13.7>
      </PID.13>
      <PID.22>
        <PID.22.1>H</PID.22.1>
        <PID.22.2>Hispanic or Latino</PID.22.2>
        <PID.22.3>HL70189</PID.22.3>
      </PID.22>
    </PID>
  </OML_O21.PATIENT>
  <OML_O21.ORDER>
    <ORC>
      <ORC.1>NW</ORC.1>
      <ORC.2>
        <ORC.2.1>ORD231-1</ORC.2.1>
        <ORC.2.2>NIST EHR</ORC.2.2>
        <ORC.2.3>2.16.840.1.113883.3.72.5.24</ORC.2.3>
        <ORC.2.4>ISO</ORC.2.4>
      </ORC.2>
      <ORC.9>
        <ORC.9.1>20130116090021-0800</ORC.9.1>
      </ORC.9>
      <ORC.12>
        <ORC.12.1>134569827</ORC.12.1>
        <ORC.12.2>
          <ORC.12.2.1>Feller</ORC.12.2.1>
        </ORC.12.2>
        <ORC.12.3>Hans</ORC.12.3>
        <ORC.12.9>
          <ORC.12.9.1>NPI</ORC.12.9.1>
          <ORC.12.9.2>2.16.840.1.113883.4.6</ORC.12.9.2>
          <ORC.12.9.3>ISO</ORC.12.9.3>
        </ORC.12.9>
        <ORC.12.10>L</ORC.12.10>
        <ORC.12.13>NPI</ORC.12.13>
      </ORC.12>
    </ORC>
    <OML_O21.ORDER.OBSERVATION_REQUEST>
      <OBR>
        <OBR.1>1</OBR.1>
        <OBR.2>
          <OBR.2.1>ORD231-1</OBR.2.1>
          <OBR.2.2>NIST EHR</OBR.2.2>
          <OBR.2.3>2.16.840.1.113883.3.72.5.24</OBR.2.3>
          <OBR.2.4>ISO</OBR.2.4>
        </OBR.2>
        <OBR.4>
          <OBR.4.1>34555-3</OBR.4.1>
          <OBR.4.2>Creatinine 24H renal clearance panel</OBR.4.2>
          <OBR.4.3>LN</OBR.4.3>
          <OBR.4.9>Creatinine Clearance</OBR.4.9>
        </OBR.4>
        <OBR.7>
          <OBR.7.1>201301151130-0800</OBR.7.1>
        </OBR.7>
        <OBR.8>
          <OBR.8.1>201301160912-0800</OBR.8.1>
        </OBR.8>
        <OBR.16>
          <OBR.16.1>134569827</OBR.16.1>
          <OBR.16.2>
            <OBR.16.2.1>Feller</OBR.16.2.1>
          </OBR.16.2>
          <OBR.16.3>Hans</OBR.16.3>
          <OBR.16.9>
            <OBR.16.9.1>NPI</OBR.16.9.1>
            <OBR.16.9.2>2.16.840.1.113883.4.6</OBR.16.9.2>
            <OBR.16.9.3>ISO</OBR.16.9.3>
          </OBR.16.9>
          <OBR.16.10>L</OBR.16.10>
          <OBR.16.13>NPI</OBR.16.13>
        </OBR.16>
      </OBR>
      <DG1>
        <DG1.1>1</DG1.1>
        <DG1.3>
          <DG1.3.1>I10</DG1.3.1>
          <DG1.3.2>Essential (primary) hypertension</DG1.3.2>
          <DG1.3.3>I10C</DG1.3.3>
          <DG1.3.9>Hypertension, NOS</DG1.3.9>
        </DG1.3>
        <DG1.6>F</DG1.6>
        <DG1.15>2</DG1.15>
      </DG1>
      <DG1>
        <DG1.1>2</DG1.1>
        <DG1.3>
          <DG1.3.1>O10.93</DG1.3.1>
          <DG1.3.2>Unspecified pre-existing hypertension complicating the puerperium</DG1.3.2>
          <DG1.3.3>I10C</DG1.3.3>
          <DG1.3.9>Pregnancy with chronic hypertension</DG1.3.9>
        </DG1.3>
        <DG1.6>W</DG1.6>
        <DG1.15>1</DG1.15>
      </DG1>
      <OML_O21.ORDER.OBSERVATION_REQUEST.OBSERVATION>
        <OBX>
          <OBX.1>1</OBX.1>
          <OBX.2>CWE</OBX.2>
          <OBX.3>
            <OBX.3.1>67471-3</OBX.3.1>
            <OBX.3.2>Pregnancy status</OBX.3.2>
            <OBX.3.3>LN</OBX.3.3>
            <OBX.3.4>1903</OBX.3.4>
            <OBX.3.5>Pregnancy status</OBX.3.5>
            <OBX.3.6>99USL</OBX.3.6>
            <OBX.3.7>2.44</OBX.3.7>
            <OBX.3.9>Is the patient pregnant?</OBX.3.9>
          </OBX.3>
          <OBX.5>
            <OBX.5.1>Y</OBX.5.1>
            <OBX.5.2>Yes</OBX.5.2>
            <OBX.5.3>HL70136</OBX.5.3>
            <OBX.5.4>1</OBX.5.4>
            <OBX.5.5>Yes, confirmed less than 12 weeks</OBX.5.5>
            <OBX.5.6>99USL</OBX.5.6>
            <OBX.5.7>2.5.1</OBX.5.7>
            <OBX.5.9>early pregnancy (pre 12 weeks)</OBX.5.9>
          </OBX.5>
          <OBX.11>O</OBX.11>
          <OBX.14>
            <OBX.14.1>20130115</OBX.14.1>
          </OBX.14>
          <OBX.29>SCI</OBX.29>
        </OBX>
      </OML_O21.ORDER.OBSERVATION_REQUEST.OBSERVATION>
      <OML_O21.ORDER.OBSERVATION_REQUEST.OBSERVATION>
        <OBX>
          <OBX.1>2</OBX.1>
          <OBX.2>NM</OBX.2>
          <OBX.3>
            <OBX.3.1>3167-4</OBX.3.1>
            <OBX.3.2>Volume of 24 hour Urine</OBX.3.2>
            <OBX.3.3>LN</OBX.3.3>
            <OBX.3.4>1904</OBX.3.4>
            <OBX.3.5>Urine Volume of 24 hour collection</OBX.3.5>
            <OBX.3.6>99USL</OBX.3.6>
            <OBX.3.7>2.44</OBX.3.7>
            <OBX.3.9>Urine Volume 24hour collection</OBX.3.9>
          </OBX.3>
          <OBX.5>1250</OBX.5>
          <OBX.6>
            <OBX.6.1>mL</OBX.6.1>
            <OBX.6.2>milliliter</OBX.6.2>
            <OBX.6.3>UCUM</OBX.6.3>
            <OBX.6.4>ml</OBX.6.4>
            <OBX.6.5>mililiter</OBX.6.5>
            <OBX.6.6>L</OBX.6.6>
            <OBX.6.7>1.7</OBX.6.7>
            <OBX.6.9>ml</OBX.6.9>
          </OBX.6>
          <OBX.11>O</OBX.11>
          <OBX.14>
            <OBX.14.1>20130116</OBX.14.1>
          </OBX.14>
          <OBX.29>SCI</OBX.29>
        </OBX>
      </OML_O21.ORDER.OBSERVATION_REQUEST.OBSERVATION>
      <OML_O21.ORDER.OBSERVATION_REQUEST.OBSERVATION>
        <OBX>
          <OBX.1>3</OBX.1>
          <OBX.2>NM</OBX.2>
          <OBX.3>
            <OBX.3.1>3141-9</OBX.3.1>
            <OBX.3.2>Body weight Measured</OBX.3.2>
            <OBX.3.3>LN</OBX.3.3>
            <OBX.3.4>BWm</OBX.3.4>
            <OBX.3.5>Body weight Measured</OBX.3.5>
            <OBX.3.6>99USL</OBX.3.6>
            <OBX.3.7>2.44</OBX.3.7>
            <OBX.3.9>patient weight measured in kg</OBX.3.9>
          </OBX.3>
          <OBX.5>59.5</OBX.5>
          <OBX.6>
            <OBX.6.1>kg</OBX.6.1>
            <OBX.6.2>kilogram</OBX.6.2>
            <OBX.6.3>UCUM</OBX.6.3>
          </OBX.6>
          <OBX.11>O</OBX.11>
          <OBX.14>
            <OBX.14.1>20130116</OBX.14.1>
          </OBX.14>
          <OBX.29>SCI</OBX.29>
        </OBX>
      </OML_O21.ORDER.OBSERVATION_REQUEST.OBSERVATION>
      <OML_O21.ORDER.OBSERVATION_REQUEST.SPECIMEN>
        <SPM>
          <SPM.1>1</SPM.1>
          <SPM.2>
            <SPM.2.1>
              <SPM.2.1.1>S-2312987-1</SPM.2.1.1>
              <SPM.2.1.2>NIST EHR</SPM.2.1.2>
              <SPM.2.1.3>2.16.840.1.113883.3.72.5.24</SPM.2.1.3>
              <SPM.2.1.4>ISO</SPM.2.1.4>
            </SPM.2.1>
          </SPM.2>
          <SPM.4>
            <SPM.4.1>276833005</SPM.4.1>
            <SPM.4.2>24 hour urine sample (specimen)</SPM.4.2>
            <SPM.4.3>SCT</SPM.4.3>
            <SPM.4.4>UR24H</SPM.4.4>
            <SPM.4.5>24hr Urine</SPM.4.5>
            <SPM.4.6>99USL</SPM.4.6>
            <SPM.4.9>24 hour urine</SPM.4.9>
          </SPM.4>
          <SPM.17>
            <SPM.17.1>
              <SPM.17.1.1>201301151130-0800</SPM.17.1.1>
            </SPM.17.1>
            <SPM.17.2>
              <SPM.17.2.1>201301160912-0800</SPM.17.2.1>
            </SPM.17.2>
          </SPM.17>
        </SPM>
      </OML_O21.ORDER.OBSERVATION_REQUEST.SPECIMEN>
      <OML_O21.ORDER.OBSERVATION_REQUEST.SPECIMEN>
        <SPM>
          <SPM.1>2</SPM.1>
          <SPM.2>
            <SPM.2.1>
              <SPM.2.1.1>S-2312987-2</SPM.2.1.1>
              <SPM.2.1.2>NIST EHR</SPM.2.1.2>
              <SPM.2.1.3>2.16.840.1.113883.3.72.5.24</SPM.2.1.3>
              <SPM.2.1.4>ISO</SPM.2.1.4>
            </SPM.2.1>
          </SPM.2>
          <SPM.4>
            <SPM.4.1>119297000</SPM.4.1>
            <SPM.4.2>Blood Specimen</SPM.4.2>
            <SPM.4.3>SCT</SPM.4.3>
          </SPM.4>
          <SPM.17>
            <SPM.17.1>
              <SPM.17.1.1>201301160912-0800</SPM.17.1.1>
            </SPM.17.1>
          </SPM.17>
        </SPM>
      </OML_O21.ORDER.OBSERVATION_REQUEST.SPECIMEN>
    </OML_O21.ORDER.OBSERVATION_REQUEST>
  </OML_O21.ORDER>
  <OML_O21.ORDER>
    <ORC>
      <ORC.1>NW</ORC.1>
      <ORC.2>
        <ORC.2.1>ORD231-2</ORC.2.1>
        <ORC.2.2>NIST EHR</ORC.2.2>
        <ORC.2.3>2.16.840.1.113883.3.72.5.24</ORC.2.3>
        <ORC.2.4>ISO</ORC.2.4>
      </ORC.2>
      <ORC.9>
        <ORC.9.1>20130115102146-0800</ORC.9.1>
      </ORC.9>
      <ORC.12>
        <ORC.12.1>134569827</ORC.12.1>
        <ORC.12.2>
          <ORC.12.2.1>Feller</ORC.12.2.1>
        </ORC.12.2>
        <ORC.12.3>Hans</ORC.12.3>
        <ORC.12.9>
          <ORC.12.9.1>NPI</ORC.12.9.1>
          <ORC.12.9.2>2.16.840.1.113883.4.6</ORC.12.9.2>
          <ORC.12.9.3>ISO</ORC.12.9.3>
        </ORC.12.9>
        <ORC.12.10>L</ORC.12.10>
        <ORC.12.13>NPI</ORC.12.13>
      </ORC.12>
    </ORC>
    <OML_O21.ORDER.OBSERVATION_REQUEST>
      <OBR>
        <OBR.1>2</OBR.1>
        <OBR.2>
          <OBR.2.1>ORD231-2</OBR.2.1>
          <OBR.2.2>NIST EHR</OBR.2.2>
          <OBR.2.3>2.16.840.1.113883.3.72.5.24</OBR.2.3>
          <OBR.2.4>ISO</OBR.2.4>
        </OBR.2>
        <OBR.4>
          <OBR.4.1>21482-5</OBR.4.1>
          <OBR.4.2>Protein [Mass/volume] in 24 hour Urine</OBR.4.2>
          <OBR.4.3>LN</OBR.4.3>
          <OBR.4.9>24 hour Urine Protein</OBR.4.9>
        </OBR.4>
        <OBR.7>
          <OBR.7.1>201301151130-0800</OBR.7.1>
        </OBR.7>
        <OBR.8>
          <OBR.8.1>201301160912-0800</OBR.8.1>
        </OBR.8>
        <OBR.16>
          <OBR.16.1>134569827</OBR.16.1>
          <OBR.16.2>
            <OBR.16.2.1>Feller</OBR.16.2.1>
          </OBR.16.2>
          <OBR.16.3>Hans</OBR.16.3>
          <OBR.16.9>
            <OBR.16.9.1>NPI</OBR.16.9.1>
            <OBR.16.9.2>2.16.840.1.113883.4.6</OBR.16.9.2>
            <OBR.16.9.3>ISO</OBR.16.9.3>
          </OBR.16.9>
          <OBR.16.10>L</OBR.16.10>
          <OBR.16.13>NPI</OBR.16.13>
        </OBR.16>
      </OBR>
      <DG1>
        <DG1.1>1</DG1.1>
        <DG1.3>
          <DG1.3.1>I10</DG1.3.1>
          <DG1.3.2>Essential (primary) hypertension</DG1.3.2>
          <DG1.3.3>I10C</DG1.3.3>
          <DG1.3.9>Hypertension, NOS</DG1.3.9>
        </DG1.3>
        <DG1.6>F</DG1.6>
        <DG1.15>2</DG1.15>
      </DG1>
      <DG1>
        <DG1.1>2</DG1.1>
        <DG1.3>
          <DG1.3.1>O10.93</DG1.3.1>
          <DG1.3.2>Unspecified pre-existing hypertension complicating the puerperium</DG1.3.2>
          <DG1.3.3>I10C</DG1.3.3>
          <DG1.3.9>Pregnancy with chronic hypertension</DG1.3.9>
        </DG1.3>
        <DG1.6>W</DG1.6>
        <DG1.15>1</DG1.15>
      </DG1>
      <OML_O21.ORDER.OBSERVATION_REQUEST.OBSERVATION>
        <OBX>
          <OBX.1>1</OBX.1>
          <OBX.2>CWE</OBX.2>
          <OBX.3>
            <OBX.3.1>67471-3</OBX.3.1>
            <OBX.3.2>Pregnancy status</OBX.3.2>
            <OBX.3.3>LN</OBX.3.3>
            <OBX.3.4>1903</OBX.3.4>
            <OBX.3.5>Pregnancy status</OBX.3.5>
            <OBX.3.6>99USL</OBX.3.6>
            <OBX.3.7>2.44</OBX.3.7>
            <OBX.3.9>Is the patient pregnant?</OBX.3.9>
          </OBX.3>
          <OBX.5>
            <OBX.5.1>Y</OBX.5.1>
            <OBX.5.2>Yes</OBX.5.2>
            <OBX.5.3>HL70136</OBX.5.3>
            <OBX.5.4>1</OBX.5.4>
            <OBX.5.5>Yes, confirmed less than 12 weeks</OBX.5.5>
            <OBX.5.6>99USL</OBX.5.6>
            <OBX.5.7>2.5.1</OBX.5.7>
            <OBX.5.9>early pregnancy (pre 12 weeks)</OBX.5.9>
          </OBX.5>
          <OBX.11>O</OBX.11>
          <OBX.14>
            <OBX.14.1>20130115</OBX.14.1>
          </OBX.14>
          <OBX.29>SCI</OBX.29>
        </OBX>
      </OML_O21.ORDER.OBSERVATION_REQUEST.OBSERVATION>
      <OML_O21.ORDER.OBSERVATION_REQUEST.OBSERVATION>
        <OBX>
          <OBX.1>2</OBX.1>
          <OBX.2>NM</OBX.2>
          <OBX.3>
            <OBX.3.1>3167-4</OBX.3.1>
            <OBX.3.2>Volume of 24 hour Urine</OBX.3.2>
            <OBX.3.3>LN</OBX.3.3>
            <OBX.3.4>1904</OBX.3.4>
            <OBX.3.5>Urine Volume of 24 hour collection</OBX.3.5>
            <OBX.3.6>99USL</OBX.3.6>
            <OBX.3.7>2.44</OBX.3.7>
            <OBX.3.9>Urine Volume 24hour collection</OBX.3.9>
          </OBX.3>
          <OBX.5>1250</OBX.5>
          <OBX.6>
            <OBX.6.1>mL</OBX.6.1>
            <OBX.6.2>milliliter</OBX.6.2>
            <OBX.6.3>UCUM</OBX.6.3>
            <OBX.6.4>ml</OBX.6.4>
            <OBX.6.5>mililiter</OBX.6.5>
            <OBX.6.6>L</OBX.6.6>
            <OBX.6.7>1.7</OBX.6.7>
            <OBX.6.9>ml</OBX.6.9>
          </OBX.6>
          <OBX.11>O</OBX.11>
          <OBX.14>
            <OBX.14.1>20130116</OBX.14.1>
          </OBX.14>
          <OBX.29>SCI</OBX.29>
        </OBX>
      </OML_O21.ORDER.OBSERVATION_REQUEST.OBSERVATION>
      <OML_O21.ORDER.OBSERVATION_REQUEST.SPECIMEN>
        <SPM>
          <SPM.1>1</SPM.1>
          <SPM.2>
            <SPM.2.1>
              <SPM.2.1.1>S-2312987-1</SPM.2.1.1>
              <SPM.2.1.2>NIST EHR</SPM.2.1.2>
              <SPM.2.1.3>2.16.840.1.113883.3.72.5.24</SPM.2.1.3>
              <SPM.2.1.4>ISO</SPM.2.1.4>
            </SPM.2.1>
          </SPM.2>
          <SPM.4>
            <SPM.4.1>276833005</SPM.4.1>
            <SPM.4.2>24 hour urine sample (specimen)</SPM.4.2>
            <SPM.4.3>SCT</SPM.4.3>
            <SPM.4.4>UR24H</SPM.4.4>
            <SPM.4.5>24hr Urine</SPM.4.5>
            <SPM.4.6>99USL</SPM.4.6>
            <SPM.4.9>24 hour urine</SPM.4.9>
          </SPM.4>
          <SPM.17>
            <SPM.17.1>
              <SPM.17.1.1>201301151130-0800</SPM.17.1.1>
            </SPM.17.1>
            <SPM.17.2>
              <SPM.17.2.1>201301160912-0800</SPM.17.2.1>
            </SPM.17.2>
          </SPM.17>
        </SPM>
      </OML_O21.ORDER.OBSERVATION_REQUEST.SPECIMEN>
    </OML_O21.ORDER.OBSERVATION_REQUEST>
  </OML_O21.ORDER>
</OML_O21>
