<?xml version="1.0" encoding="UTF-8"?>
<ORL_O22>
  <MSH>
    <MSH.1>|</MSH.1>
    <MSH.2>^~\&amp;#</MSH.2>
    <MSH.4>
      <MSH.4.1>NIST Lab Facility</MSH.4.1>
    </MSH.4>
    <MSH.7>
      <MSH.7.1>20130219180035-0800</MSH.7.1>
    </MSH.7>
    <MSH.9>
      <MSH.9.1>ORL</MSH.9.1>
      <MSH.9.2>O22</MSH.9.2>
      <MSH.9.3>ORL_O22</MSH.9.3>
    </MSH.9>
    <MSH.10>NIST-ORL_0.0_1.1-NG</MSH.10>
    <MSH.11>
      <MSH.11.1>T</MSH.11.1>
    </MSH.11>
    <MSH.12>
      <MSH.12.1>2.5.1</MSH.12.1>
    </MSH.12>
    <MSH.15>AL</MSH.15>
    <MSH.16>NE</MSH.16>
    <MSH.21>
      <MSH.21.1>LOI_NG_Response_Profile</MSH.21.1>
      <MSH.21.3>2.16.840.1.113883.9.93</MSH.21.3>
      <MSH.21.4>ISO</MSH.21.4>
    </MSH.21>
  </MSH>
  <MSA>
    <MSA.1>AA</MSA.1>
    <MSA.2>LOI_0.0_1.1-GN</MSA.2>
  </MSA>
  <ORL_O22.RESPONSE>
    <ORL_O22.RESPONSE.PATIENT>
      <PID>
        <PID.1>1</PID.1>
        <PID.3>
          <PID.3.1>PATID1700</PID.3.1>
          <PID.3.4>
            <PID.3.4.1>NIST MPI</PID.3.4.1>
          </PID.3.4>
          <PID.3.5>MR</PID.3.5>
        </PID.3>
        <PID.5>
          <PID.5.1>
            <PID.5.1.1>Ramoz</PID.5.1.1>
          </PID.5.1>
          <PID.5.7>L</PID.5.7>
        </PID.5>
        <PID.7>
          <PID.7.1>19331212</PID.7.1>
        </PID.7>
        <PID.8>M</PID.8>
      </PID>
      <ORL_O22.RESPONSE.PATIENT.ORDER>
        <ORC>
          <ORC.1>OK</ORC.1>
          <ORC.2>
            <ORC.2.1>ORD170</ORC.2.1>
            <ORC.2.2>NIST EHR</ORC.2.2>
          </ORC.2>
          <ORC.9>
            <ORC.9.1>201312121212</ORC.9.1>
          </ORC.9>
          <ORC.12>
            <ORC.12.2>
              <ORC.12.2.1>Radon</ORC.12.2.1>
            </ORC.12.2>
          </ORC.12>
        </ORC>
        <ORL_O22.RESPONSE.PATIENT.ORDER.OBSERVATION_REQUEST>
          <OBR>
            <OBR.1>1</OBR.1>
            <OBR.2>
              <OBR.2.1>ORD170</OBR.2.1>
              <OBR.2.2>NIST EHR</OBR.2.2>
            </OBR.2>
            <OBR.4>
              <OBR.4.1>10</OBR.4.1>
              <OBR.4.3>99USL</OBR.4.3>
            </OBR.4>
            <OBR.16>
              <OBR.16.2>
                <OBR.16.2.1>Radon</OBR.16.2.1>
              </OBR.16.2>
            </OBR.16>
          </OBR>
        </ORL_O22.RESPONSE.PATIENT.ORDER.OBSERVATION_REQUEST>
      </ORL_O22.RESPONSE.PATIENT.ORDER>
    </ORL_O22.RESPONSE.PATIENT>
  </ORL_O22.RESPONSE>
</ORL_O22>
