<?xml version="1.0" encoding="UTF-8"?>
<OML_O21>
  <MSH>
    <MSH.1>|</MSH.1>
    <MSH.2>^~\&amp;#</MSH.2>
    <MSH.3>
      <MSH.3.1>NIST EHR</MSH.3.1>
      <MSH.3.2>2.16.840.1.113883.3.72.5.22</MSH.3.2>
      <MSH.3.3>ISO</MSH.3.3>
    </MSH.3>
    <MSH.4>
      <MSH.4.1>NIST EHR Facility</MSH.4.1>
      <MSH.4.2>2.16.840.1.113883.3.72.5.23</MSH.4.2>
      <MSH.4.3>ISO</MSH.4.3>
    </MSH.4>
    <MSH.5>
      <MSH.5.1>NIST Test Lab APP</MSH.5.1>
      <MSH.5.2>2.16.840.1.113883.3.72.5.20</MSH.5.2>
      <MSH.5.3>ISO</MSH.5.3>
    </MSH.5>
    <MSH.6>
      <MSH.6.1>NIST Lab Facility</MSH.6.1>
      <MSH.6.2>2.16.840.1.113883.3.72.5.21</MSH.6.2>
      <MSH.6.3>ISO</MSH.6.3>
    </MSH.6>
    <MSH.7>
      <MSH.7.1>20130211184101-0500</MSH.7.1>
    </MSH.7>
    <MSH.9>
      <MSH.9.1>OML</MSH.9.1>
      <MSH.9.2>O21</MSH.9.2>
      <MSH.9.3>OML_O21</MSH.9.3>
    </MSH.9>
    <MSH.10>NIST-LOI_6.0_1.1-GU</MSH.10>
    <MSH.11>
      <MSH.11.1>T</MSH.11.1>
    </MSH.11>
    <MSH.12>
      <MSH.12.1>2.5.1</MSH.12.1>
    </MSH.12>
    <MSH.15>AL</MSH.15>
    <MSH.16>AL</MSH.16>
    <MSH.21>
      <MSH.21.1>LOI_Common_Component</MSH.21.1>
      <MSH.21.2>LOI Base Profile</MSH.21.2>
      <MSH.21.3>2.16.840.1.113883.9.66</MSH.21.3>
      <MSH.21.4>ISO</MSH.21.4>
    </MSH.21>
    <MSH.21>
      <MSH.21.1>LOI_GU_Component</MSH.21.1>
      <MSH.21.2>LOI GU Profile</MSH.21.2>
      <MSH.21.3>2.16.840.1.113883.9.78</MSH.21.3>
      <MSH.21.4>ISO</MSH.21.4>
    </MSH.21>
    <MSH.21>
      <MSH.21.1>LAB_PRU_Component</MSH.21.1>
      <MSH.21.2>LOI PRU Profile</MSH.21.2>
      <MSH.21.3>2.16.840.1.113883.9.82</MSH.21.3>
      <MSH.21.4>ISO</MSH.21.4>
    </MSH.21>
  </MSH>
  <OML_O21.PATIENT>
    <PID>
      <PID.1>1</PID.1>
      <PID.3>
        <PID.3.1>PATID40</PID.3.1>
        <PID.3.4>
          <PID.3.4.1>NIST MPI</PID.3.4.1>
          <PID.3.4.2>2.16.840.1.113883.3.72.5.30.2</PID.3.4.2>
          <PID.3.4.3>ISO</PID.3.4.3>
        </PID.3.4>
        <PID.3.5>MR</PID.3.5>
      </PID.3>
      <PID.5>
        <PID.5.1>
          <PID.5.1.1>Lopez</PID.5.1.1>
        </PID.5.1>
        <PID.5.2>Delores</PID.5.2>
        <PID.5.7>L</PID.5.7>
      </PID.5>
      <PID.7>
        <PID.7.1>19820306</PID.7.1>
      </PID.7>
      <PID.8>F</PID.8>
      <PID.10>
        <PID.10.1>2106-3</PID.10.1>
        <PID.10.2>White</PID.10.2>
        <PID.10.3>HL70005</PID.10.3>
      </PID.10>
      <PID.11>
        <PID.11.1>
          <PID.11.1.1>221 N. Figueroa Street</PID.11.1.1>
        </PID.11.1>
        <PID.11.3>Los Angeles</PID.11.3>
        <PID.11.4>CA</PID.11.4>
        <PID.11.5>90012</PID.11.5>
        <PID.11.7>H</PID.11.7>
      </PID.11>
      <PID.22>
        <PID.22.1>H</PID.22.1>
        <PID.22.2>Hispanic</PID.22.2>
        <PID.22.3>HL70189</PID.22.3>
      </PID.22>
    </PID>
  </OML_O21.PATIENT>
  <OML_O21.ORDER>
    <ORC>
      <ORC.1>NW</ORC.1>
      <ORC.2>
        <ORC.2.1>ORD40</ORC.2.1>
        <ORC.2.2>NIST EHR</ORC.2.2>
        <ORC.2.3>2.16.840.1.113883.3.72.5.24</ORC.2.3>
        <ORC.2.4>ISO</ORC.2.4>
      </ORC.2>
      <ORC.9>
        <ORC.9.1>20130211184101</ORC.9.1>
      </ORC.9>
      <ORC.12>
        <ORC.12.1>2345654323</ORC.12.1>
        <ORC.12.2>
          <ORC.12.2.1>Matalon</ORC.12.2.1>
        </ORC.12.2>
        <ORC.12.3>Mary</ORC.12.3>
        <ORC.12.9>
          <ORC.12.9.1>NPI</ORC.12.9.1>
          <ORC.12.9.2>2.16.840.1.113883.4.6</ORC.12.9.2>
          <ORC.12.9.3>ISO</ORC.12.9.3>
        </ORC.12.9>
        <ORC.12.10>L</ORC.12.10>
        <ORC.12.13>NPI</ORC.12.13>
      </ORC.12>
      <ORC.14>
        <ORC.14.3>PH</ORC.14.3>
        <ORC.14.6>310</ORC.14.6>
        <ORC.14.7>2038899</ORC.14.7>
      </ORC.14>
      <ORC.20>
        <ORC.20.1>2</ORC.20.1>
        <ORC.20.2>Patient has been informed of responsibility, and agrees to pay for service</ORC.20.2>
        <ORC.20.3>HL70339</ORC.20.3>
      </ORC.20>
    </ORC>
    <OML_O21.ORDER.OBSERVATION_REQUEST>
      <OBR>
        <OBR.1>1</OBR.1>
        <OBR.2>
          <OBR.2.1>ORD40</OBR.2.1>
          <OBR.2.2>NIST EHR</OBR.2.2>
          <OBR.2.3>2.16.840.1.113883.3.72.5.24</OBR.2.3>
          <OBR.2.4>ISO</OBR.2.4>
        </OBR.2>
        <OBR.4>
          <OBR.4.1>610</OBR.4.1>
          <OBR.4.2>Pap Test</OBR.4.2>
          <OBR.4.3>99USL</OBR.4.3>
          <OBR.4.4>47527-7</OBR.4.4>
          <OBR.4.5>Cytology report of Cervical or vaginal smear or scraping Cyto stain.thin prep</OBR.4.5>
          <OBR.4.6>LN</OBR.4.6>
        </OBR.4>
        <OBR.7>
          <OBR.7.1>20130211180000</OBR.7.1>
        </OBR.7>
        <OBR.16>
          <OBR.16.1>2345654323</OBR.16.1>
          <OBR.16.2>
            <OBR.16.2.1>Matalon</OBR.16.2.1>
          </OBR.16.2>
          <OBR.16.3>Mary</OBR.16.3>
          <OBR.16.9>
            <OBR.16.9.1>NPI</OBR.16.9.1>
            <OBR.16.9.2>2.16.840.1.113883.4.6</OBR.16.9.2>
            <OBR.16.9.3>ISO</OBR.16.9.3>
          </OBR.16.9>
          <OBR.16.10>L</OBR.16.10>
          <OBR.16.13>NPI</OBR.16.13>
        </OBR.16>
        <OBR.17>
          <OBR.17.3>PH</OBR.17.3>
          <OBR.17.6>310</OBR.17.6>
          <OBR.17.7>2038899</OBR.17.7>
        </OBR.17>
      </OBR>
      <DG1>
        <DG1.1>1</DG1.1>
        <DG1.3>
          <DG1.3.1>Z12.72</DG1.3.1>
          <DG1.3.2>Encounter for screening for malignant neoplasm of vagina</DG1.3.2>
          <DG1.3.3>I10C</DG1.3.3>
          <DG1.3.9>Routine vaginal Pap test</DG1.3.9>
        </DG1.3>
        <DG1.6>F</DG1.6>
        <DG1.15>1</DG1.15>
      </DG1>
      <OML_O21.ORDER.OBSERVATION_REQUEST.OBSERVATION>
        <OBX>
          <OBX.1>1</OBX.1>
          <OBX.2>DT</OBX.2>
          <OBX.3>
            <OBX.3.1>8665-2</OBX.3.1>
            <OBX.3.2>Date last menstrual period</OBX.3.2>
            <OBX.3.3>LN</OBX.3.3>
          </OBX.3>
          <OBX.4>
            <OBX.4.2>1</OBX.4.2>
            <OBX.4.3>1</OBX.4.3>
          </OBX.4>
          <OBX.5>20130128</OBX.5>
          <OBX.11>O</OBX.11>
          <OBX.14>
            <OBX.14.1>20130211</OBX.14.1>
          </OBX.14>
          <OBX.29>SCI</OBX.29>
        </OBX>
      </OML_O21.ORDER.OBSERVATION_REQUEST.OBSERVATION>
      <OML_O21.ORDER.OBSERVATION_REQUEST.OBSERVATION>
        <OBX>
          <OBX.1>2</OBX.1>
          <OBX.2>CWE</OBX.2>
          <OBX.3>
            <OBX.3.1>PLT458</OBX.3.1>
            <OBX.3.2>Did the patient have a previous abnormal Pap report, treatment, or biopsy?</OBX.3.2>
            <OBX.3.3>99LAB</OBX.3.3>
          </OBX.3>
          <OBX.4>
            <OBX.4.2>1</OBX.4.2>
            <OBX.4.3>1</OBX.4.3>
          </OBX.4>
          <OBX.5>
            <OBX.5.1>UNK</OBX.5.1>
            <OBX.5.2>Unknown</OBX.5.2>
            <OBX.5.3>HL70353</OBX.5.3>
          </OBX.5>
          <OBX.11>O</OBX.11>
          <OBX.14>
            <OBX.14.1>20130211</OBX.14.1>
          </OBX.14>
          <OBX.29>SCI</OBX.29>
        </OBX>
      </OML_O21.ORDER.OBSERVATION_REQUEST.OBSERVATION>
      <OML_O21.ORDER.OBSERVATION_REQUEST.SPECIMEN>
        <SPM>
          <SPM.1>1</SPM.1>
          <SPM.2>
            <SPM.2.1>
              <SPM.2.1.1>SID40</SPM.2.1.1>
              <SPM.2.1.2>NIST EHR</SPM.2.1.2>
              <SPM.2.1.3>2.16.840.1.113883.3.72.5.24</SPM.2.1.3>
              <SPM.2.1.4>ISO</SPM.2.1.4>
            </SPM.2.1>
            <SPM.2.2>
              <SPM.2.2.1>GHSID40</SPM.2.2.1>
              <SPM.2.2.2>NIST Test Lab APP</SPM.2.2.2>
              <SPM.2.2.3>2.16.840.1.113883.3.72.5.20</SPM.2.2.3>
              <SPM.2.2.4>ISO</SPM.2.2.4>
            </SPM.2.2>
          </SPM.2>
          <SPM.4>
            <SPM.4.1>110951002</SPM.4.1>
            <SPM.4.2>Endocervical cytologic material</SPM.4.2>
            <SPM.4.3>SCT</SPM.4.3>
            <SPM.4.4>2134</SPM.4.4>
            <SPM.4.5>Cervical Cytology (ThinPrep)</SPM.4.5>
            <SPM.4.6>99USL</SPM.4.6>
            <SPM.4.9>Cervical Cytology (ThinPrep)</SPM.4.9>
          </SPM.4>
          <SPM.17>
            <SPM.17.1>
              <SPM.17.1.1>20130211180000</SPM.17.1.1>
            </SPM.17.1>
          </SPM.17>
        </SPM>
      </OML_O21.ORDER.OBSERVATION_REQUEST.SPECIMEN>
    </OML_O21.ORDER.OBSERVATION_REQUEST>
  </OML_O21.ORDER>
</OML_O21>
