<?xml version="1.0" encoding="UTF-8"?>
<OML_O21>
  <MSH>
    <MSH.1>|</MSH.1>
    <MSH.2>^~\&amp;#</MSH.2>
    <MSH.4>
      <MSH.4.1>NIST EHR Facility</MSH.4.1>
    </MSH.4>
    <MSH.7>
      <MSH.7.1>20130314120000-0500</MSH.7.1>
    </MSH.7>
    <MSH.9>
      <MSH.9.1>OML</MSH.9.1>
      <MSH.9.2>O21</MSH.9.2>
      <MSH.9.3>OML_O21</MSH.9.3>
    </MSH.9>
    <MSH.10>NIST-LOI_10.0_1.1-NG</MSH.10>
    <MSH.11>
      <MSH.11.1>T</MSH.11.1>
    </MSH.11>
    <MSH.12>
      <MSH.12.1>2.5.1</MSH.12.1>
    </MSH.12>
    <MSH.15>AL</MSH.15>
    <MSH.16>ER</MSH.16>
    <MSH.21>
      <MSH.21.1>LOI_NG_PRU_Profile</MSH.21.1>
      <MSH.21.3>2.16.840.1.113883.9.87</MSH.21.3>
      <MSH.21.4>ISO</MSH.21.4>
    </MSH.21>
  </MSH>
  <OML_O21.PATIENT>
    <PID>
      <PID.1>1</PID.1>
      <PID.3>
        <PID.3.1>PATID1500</PID.3.1>
        <PID.3.4>
          <PID.3.4.1>NIST MPI</PID.3.4.1>
        </PID.3.4>
        <PID.3.5>MR</PID.3.5>
      </PID.3>
      <PID.5>
        <PID.5.1>
          <PID.5.1.1>Alto</PID.5.1.1>
        </PID.5.1>
        <PID.5.2>Geronimo</PID.5.2>
        <PID.5.7>L</PID.5.7>
      </PID.5>
      <PID.7>
        <PID.7.1>19350626</PID.7.1>
      </PID.7>
      <PID.8>M</PID.8>
      <PID.11>
        <PID.11.4>CA</PID.11.4>
        <PID.11.7>H</PID.11.7>
      </PID.11>
    </PID>
  </OML_O21.PATIENT>
  <OML_O21.ORDER>
    <ORC>
      <ORC.1>NW</ORC.1>
      <ORC.2>
        <ORC.2.1>ORD150</ORC.2.1>
        <ORC.2.2>NIST EHR</ORC.2.2>
      </ORC.2>
      <ORC.9>
        <ORC.9.1>201301311200</ORC.9.1>
      </ORC.9>
      <ORC.12>
        <ORC.12.2>
          <ORC.12.2.1>Ramirez</ORC.12.2.1>
        </ORC.12.2>
      </ORC.12>
    </ORC>
    <OML_O21.ORDER.OBSERVATION_REQUEST>
      <OBR>
        <OBR.1>1</OBR.1>
        <OBR.2>
          <OBR.2.1>ORD150</OBR.2.1>
          <OBR.2.2>NIST EHR</OBR.2.2>
        </OBR.2>
        <OBR.4>
          <OBR.4.1>600</OBR.4.1>
          <OBR.4.2>Prostate Biopsy Pathology Report</OBR.4.2>
          <OBR.4.3>99USL</OBR.4.3>
          <OBR.4.4>66117-3</OBR.4.4>
          <OBR.4.5>Prostate Pathology biopsy report</OBR.4.5>
          <OBR.4.6>LN</OBR.4.6>
        </OBR.4>
        <OBR.7>
          <OBR.7.1>201301311000</OBR.7.1>
        </OBR.7>
        <OBR.16>
          <OBR.16.2>
            <OBR.16.2.1>Ramirez</OBR.16.2.1>
          </OBR.16.2>
        </OBR.16>
      </OBR>
      <DG1>
        <DG1.1>1</DG1.1>
        <DG1.3>
          <DG1.3.1>Z12.5</DG1.3.1>
          <DG1.3.3>I10C</DG1.3.3>
        </DG1.3>
        <DG1.6>W</DG1.6>
      </DG1>
      <OML_O21.ORDER.OBSERVATION_REQUEST.SPECIMEN>
        <SPM>
          <SPM.1>1</SPM.1>
          <SPM.4>
            <SPM.4.9>Prostate biopsy sample</SPM.4.9>
          </SPM.4>
          <SPM.17>
            <SPM.17.1>
              <SPM.17.1.1>201301311000</SPM.17.1.1>
            </SPM.17.1>
          </SPM.17>
        </SPM>
      </OML_O21.ORDER.OBSERVATION_REQUEST.SPECIMEN>
      <OML_O21.ORDER.OBSERVATION_REQUEST.SPECIMEN>
        <SPM>
          <SPM.1>2</SPM.1>
          <SPM.4>
            <SPM.4.9>Prostate biopsy sample#2</SPM.4.9>
          </SPM.4>
          <SPM.17>
            <SPM.17.1>
              <SPM.17.1.1>201301311002</SPM.17.1.1>
            </SPM.17.1>
          </SPM.17>
        </SPM>
      </OML_O21.ORDER.OBSERVATION_REQUEST.SPECIMEN>
      <OML_O21.ORDER.OBSERVATION_REQUEST.SPECIMEN>
        <SPM>
          <SPM.1>3</SPM.1>
          <SPM.4>
            <SPM.4.9>Prostate biopsy sample#3</SPM.4.9>
          </SPM.4>
          <SPM.17>
            <SPM.17.1>
              <SPM.17.1.1>201301311005</SPM.17.1.1>
            </SPM.17.1>
          </SPM.17>
        </SPM>
      </OML_O21.ORDER.OBSERVATION_REQUEST.SPECIMEN>
      <OML_O21.ORDER.OBSERVATION_REQUEST.SPECIMEN>
        <SPM>
          <SPM.1>4</SPM.1>
          <SPM.4>
            <SPM.4.9>Prostate biopsy sample#4</SPM.4.9>
          </SPM.4>
          <SPM.17>
            <SPM.17.1>
              <SPM.17.1.1>201301311007</SPM.17.1.1>
            </SPM.17.1>
          </SPM.17>
        </SPM>
      </OML_O21.ORDER.OBSERVATION_REQUEST.SPECIMEN>
      <OML_O21.ORDER.OBSERVATION_REQUEST.SPECIMEN>
        <SPM>
          <SPM.1>5</SPM.1>
          <SPM.4>
            <SPM.4.9>Prostate biopsy sample#5</SPM.4.9>
          </SPM.4>
          <SPM.17>
            <SPM.17.1>
              <SPM.17.1.1>201301311009</SPM.17.1.1>
            </SPM.17.1>
          </SPM.17>
        </SPM>
      </OML_O21.ORDER.OBSERVATION_REQUEST.SPECIMEN>
      <OML_O21.ORDER.OBSERVATION_REQUEST.SPECIMEN>
        <SPM>
          <SPM.1>6</SPM.1>
          <SPM.4>
            <SPM.4.9>Prostate biopsy sample#6</SPM.4.9>
          </SPM.4>
          <SPM.17>
            <SPM.17.1>
              <SPM.17.1.1>201301311011</SPM.17.1.1>
            </SPM.17.1>
          </SPM.17>
        </SPM>
      </OML_O21.ORDER.OBSERVATION_REQUEST.SPECIMEN>
      <OML_O21.ORDER.OBSERVATION_REQUEST.SPECIMEN>
        <SPM>
          <SPM.1>7</SPM.1>
          <SPM.4>
            <SPM.4.9>Prostate biopsy sample#7</SPM.4.9>
          </SPM.4>
          <SPM.17>
            <SPM.17.1>
              <SPM.17.1.1>201301311014</SPM.17.1.1>
            </SPM.17.1>
          </SPM.17>
        </SPM>
      </OML_O21.ORDER.OBSERVATION_REQUEST.SPECIMEN>
      <OML_O21.ORDER.OBSERVATION_REQUEST.SPECIMEN>
        <SPM>
          <SPM.1>8</SPM.1>
          <SPM.4>
            <SPM.4.9>Prostate biopsy sample#8</SPM.4.9>
          </SPM.4>
          <SPM.17>
            <SPM.17.1>
              <SPM.17.1.1>201301311016</SPM.17.1.1>
            </SPM.17.1>
          </SPM.17>
        </SPM>
      </OML_O21.ORDER.OBSERVATION_REQUEST.SPECIMEN>
      <OML_O21.ORDER.OBSERVATION_REQUEST.SPECIMEN>
        <SPM>
          <SPM.1>9</SPM.1>
          <SPM.4>
            <SPM.4.9>Prostate biopsy sample#9</SPM.4.9>
          </SPM.4>
          <SPM.17>
            <SPM.17.1>
              <SPM.17.1.1>201301311018</SPM.17.1.1>
            </SPM.17.1>
          </SPM.17>
        </SPM>
      </OML_O21.ORDER.OBSERVATION_REQUEST.SPECIMEN>
      <OML_O21.ORDER.OBSERVATION_REQUEST.SPECIMEN>
        <SPM>
          <SPM.1>10</SPM.1>
          <SPM.4>
            <SPM.4.9>Prostate biopsy sample#10</SPM.4.9>
          </SPM.4>
          <SPM.17>
            <SPM.17.1>
              <SPM.17.1.1>201301311021</SPM.17.1.1>
            </SPM.17.1>
          </SPM.17>
        </SPM>
      </OML_O21.ORDER.OBSERVATION_REQUEST.SPECIMEN>
    </OML_O21.ORDER.OBSERVATION_REQUEST>
  </OML_O21.ORDER>
</OML_O21>
