<?xml version="1.0" encoding="UTF-8"?>
<OML_O21>
  <MSH>
    <MSH.1>|</MSH.1>
    <MSH.2>^~\&amp;#</MSH.2>
    <MSH.3>
      <MSH.3.1>NIST EHR</MSH.3.1>
      <MSH.3.2>2.16.840.1.113883.3.72.5.22</MSH.3.2>
      <MSH.3.3>ISO</MSH.3.3>
    </MSH.3>
    <MSH.4>
      <MSH.4.1>NIST EHR Facility</MSH.4.1>
      <MSH.4.2>2.16.840.1.113883.3.72.5.23</MSH.4.2>
      <MSH.4.3>ISO</MSH.4.3>
    </MSH.4>
    <MSH.5>
      <MSH.5.1>NIST Test Lab APP</MSH.5.1>
      <MSH.5.2>2.16.840.1.113883.3.72.5.20</MSH.5.2>
      <MSH.5.3>ISO</MSH.5.3>
    </MSH.5>
    <MSH.6>
      <MSH.6.1>NIST Lab Facility</MSH.6.1>
      <MSH.6.2>2.16.840.1.113883.3.72.5.21</MSH.6.2>
      <MSH.6.3>ISO</MSH.6.3>
    </MSH.6>
    <MSH.7>
      <MSH.7.1>20130211184101-0500</MSH.7.1>
    </MSH.7>
    <MSH.9>
      <MSH.9.1>OML</MSH.9.1>
      <MSH.9.2>O21</MSH.9.2>
      <MSH.9.3>OML_O21</MSH.9.3>
    </MSH.9>
    <MSH.10>NIST-LOI_7.0_2.1-GU_PRN</MSH.10>
    <MSH.11>
      <MSH.11.1>T</MSH.11.1>
    </MSH.11>
    <MSH.12>
      <MSH.12.1>2.5.1</MSH.12.1>
    </MSH.12>
    <MSH.15>AL</MSH.15>
    <MSH.16>AL</MSH.16>
    <MSH.21>
      <MSH.21.1>LOI_GU_PRN_Profile</MSH.21.1>
      <MSH.21.2>LOI Base + PRN + GU</MSH.21.2>
      <MSH.21.3>2.16.840.1.113883.9.86</MSH.21.3>
      <MSH.21.4>ISO</MSH.21.4>
    </MSH.21>
  </MSH>
  <OML_O21.PATIENT>
    <PID>
      <PID.1>1</PID.1>
      <PID.3>
        <PID.3.1>PATID70</PID.3.1>
        <PID.3.4>
          <PID.3.4.1>NIST MPI</PID.3.4.1>
          <PID.3.4.2>2.16.840.1.113883.3.72.5.30.2</PID.3.4.2>
          <PID.3.4.3>ISO</PID.3.4.3>
        </PID.3.4>
        <PID.3.5>MR</PID.3.5>
      </PID.3>
      <PID.5>
        <PID.5.1>
          <PID.5.1.1>Nguyen</PID.5.1.1>
        </PID.5.1>
        <PID.5.2>Thuy</PID.5.2>
        <PID.5.3>Thi</PID.5.3>
        <PID.5.7>L</PID.5.7>
      </PID.5>
      <PID.7>
        <PID.7.1>19951010</PID.7.1>
      </PID.7>
      <PID.8>F</PID.8>
      <PID.10>
        <PID.10.1>2028-9</PID.10.1>
        <PID.10.2>Asian</PID.10.2>
        <PID.10.3>HL70005</PID.10.3>
      </PID.10>
      <PID.11>
        <PID.11.1>
          <PID.11.1.1>1447 North Mar Vista</PID.11.1.1>
        </PID.11.1>
        <PID.11.2>Apt 2</PID.11.2>
        <PID.11.3>Pasadena</PID.11.3>
        <PID.11.4>CA</PID.11.4>
        <PID.11.5>91104</PID.11.5>
        <PID.11.7>H</PID.11.7>
      </PID.11>
      <PID.22>
        <PID.22.1>N</PID.22.1>
        <PID.22.2>Not Hispanic or Latino</PID.22.2>
        <PID.22.3>HL70189</PID.22.3>
      </PID.22>
    </PID>
    <NK1>
      <NK1.1>1</NK1.1>
      <NK1.2>
        <NK1.2.1>
          <NK1.2.1.1>Nguyen</NK1.2.1.1>
        </NK1.2.1>
        <NK1.2.2>Thuy</NK1.2.2>
        <NK1.2.3>Thi</NK1.2.3>
        <NK1.2.7>L</NK1.2.7>
      </NK1.2>
      <NK1.3>
        <NK1.3.1>MTH</NK1.3.1>
        <NK1.3.2>Mother</NK1.3.2>
        <NK1.3.3>HL70063</NK1.3.3>
        <NK1.3.7>2.5.1</NK1.3.7>
      </NK1.3>
      <NK1.4>
        <NK1.4.1>
          <NK1.4.1.1>1447 North Mar Vista</NK1.4.1.1>
        </NK1.4.1>
        <NK1.4.2>Apt 2</NK1.4.2>
        <NK1.4.3>Pasadena</NK1.4.3>
        <NK1.4.4>CA</NK1.4.4>
        <NK1.4.5>91104</NK1.4.5>
        <NK1.4.6>USA</NK1.4.6>
        <NK1.4.7>H</NK1.4.7>
      </NK1.4>
      <NK1.5>
        <NK1.5.3>PH</NK1.5.3>
        <NK1.5.6>626</NK1.5.6>
        <NK1.5.7>5555555</NK1.5.7>
      </NK1.5>
      <NK1.7>
        <NK1.7.1>N</NK1.7.1>
        <NK1.7.2>Next-of-Kin</NK1.7.2>
        <NK1.7.3>HL70131</NK1.7.3>
        <NK1.7.7>2.5.1</NK1.7.7>
      </NK1.7>
    </NK1>
  </OML_O21.PATIENT>
  <OML_O21.ORDER>
    <ORC>
      <ORC.1>NW</ORC.1>
      <ORC.2>
        <ORC.2.1>ORD80</ORC.2.1>
        <ORC.2.2>NIST EHR</ORC.2.2>
        <ORC.2.3>2.16.840.1.113883.3.72.5.24</ORC.2.3>
        <ORC.2.4>ISO</ORC.2.4>
      </ORC.2>
      <ORC.3>
        <ORC.3.1>LABORD72</ORC.3.1>
        <ORC.3.2>NIST Test Lab APP</ORC.3.2>
        <ORC.3.3>2.16.840.1.113883.3.72.5.20</ORC.3.3>
        <ORC.3.4>ISO</ORC.3.4>
      </ORC.3>
      <ORC.4>
        <ORC.4.1>GRP7</ORC.4.1>
        <ORC.4.2>NIST EHR</ORC.4.2>
        <ORC.4.3>2.16.840.1.113883.3.72.5.24</ORC.4.3>
        <ORC.4.4>ISO</ORC.4.4>
      </ORC.4>
      <ORC.9>
        <ORC.9.1>201302201530</ORC.9.1>
      </ORC.9>
      <ORC.12>
        <ORC.12.1>2554560005</ORC.12.1>
        <ORC.12.2>
          <ORC.12.2.1>Yu</ORC.12.2.1>
        </ORC.12.2>
        <ORC.12.3>Ellen</ORC.12.3>
        <ORC.12.9>
          <ORC.12.9.1>NPI</ORC.12.9.1>
          <ORC.12.9.2>2.16.840.1.113883.4.6</ORC.12.9.2>
          <ORC.12.9.3>ISO</ORC.12.9.3>
        </ORC.12.9>
        <ORC.12.10>L</ORC.12.10>
        <ORC.12.13>NPI</ORC.12.13>
      </ORC.12>
      <ORC.14>
        <ORC.14.3>PH</ORC.14.3>
        <ORC.14.6>626</ORC.14.6>
        <ORC.14.7>5555555</ORC.14.7>
      </ORC.14>
    </ORC>
    <OML_O21.ORDER.OBSERVATION_REQUEST>
      <OBR>
        <OBR.1>1</OBR.1>
        <OBR.2>
          <OBR.2.1>ORD80</OBR.2.1>
          <OBR.2.2>NIST EHR</OBR.2.2>
          <OBR.2.3>2.16.840.1.113883.3.72.5.24</OBR.2.3>
          <OBR.2.4>ISO</OBR.2.4>
        </OBR.2>
        <OBR.3>
          <OBR.3.1>LABORD72</OBR.3.1>
          <OBR.3.2>NIST Test Lab APP</OBR.3.2>
          <OBR.3.3>2.16.840.1.113883.3.72.5.20</OBR.3.3>
          <OBR.3.4>ISO</OBR.3.4>
        </OBR.3>
        <OBR.4>
          <OBR.4.1>3024-7</OBR.4.1>
          <OBR.4.2>Thyroxine (T4) free [Mass/volume] in Serum or Plasma</OBR.4.2>
          <OBR.4.3>LN</OBR.4.3>
          <OBR.4.7>2.42</OBR.4.7>
          <OBR.4.9>T4 (Thyroxine), Free, Serum</OBR.4.9>
        </OBR.4>
        <OBR.16>
          <OBR.16.1>2554560005</OBR.16.1>
          <OBR.16.2>
            <OBR.16.2.1>Yu</OBR.16.2.1>
          </OBR.16.2>
          <OBR.16.3>Ellen</OBR.16.3>
          <OBR.16.9>
            <OBR.16.9.1>NPI</OBR.16.9.1>
            <OBR.16.9.2>2.16.840.1.113883.4.6</OBR.16.9.2>
            <OBR.16.9.3>ISO</OBR.16.9.3>
          </OBR.16.9>
          <OBR.16.10>L</OBR.16.10>
          <OBR.16.13>NPI</OBR.16.13>
        </OBR.16>
        <OBR.17>
          <OBR.17.3>PH</OBR.17.3>
          <OBR.17.6>626</OBR.17.6>
          <OBR.17.7>5555555</OBR.17.7>
        </OBR.17>
      </OBR>
      <DG1>
        <DG1.1>1</DG1.1>
        <DG1.3>
          <DG1.3.1>E05.90</DG1.3.1>
          <DG1.3.2>Hyperthyroidism (latent) (pre-adult) (recurrent)</DG1.3.2>
          <DG1.3.3>I10C</DG1.3.3>
        </DG1.3>
        <DG1.6>W</DG1.6>
        <DG1.15>1</DG1.15>
      </DG1>
      <DG1>
        <DG1.1>2</DG1.1>
        <DG1.3>
          <DG1.3.1>R53.83</DG1.3.1>
          <DG1.3.2>Other fatigue</DG1.3.2>
          <DG1.3.3>I10C</DG1.3.3>
        </DG1.3>
        <DG1.6>F</DG1.6>
        <DG1.15>2</DG1.15>
      </DG1>
      <DG1>
        <DG1.1>3</DG1.1>
        <DG1.3>
          <DG1.3.1>R63.4</DG1.3.1>
          <DG1.3.2>abnormal weight loss</DG1.3.2>
          <DG1.3.3>I10C</DG1.3.3>
        </DG1.3>
        <DG1.6>F</DG1.6>
        <DG1.15>3</DG1.15>
      </DG1>
    </OML_O21.ORDER.OBSERVATION_REQUEST>
  </OML_O21.ORDER>
</OML_O21>
