<?xml version="1.0" encoding="UTF-8"?>
<OML_O21>
  <MSH>
    <MSH.1>|</MSH.1>
    <MSH.2>^~\&amp;#</MSH.2>
    <MSH.3>
      <MSH.3.1>NIST EHR</MSH.3.1>
      <MSH.3.2>2.16.840.1.113883.3.72.5.22</MSH.3.2>
      <MSH.3.3>ISO</MSH.3.3>
    </MSH.3>
    <MSH.4>
      <MSH.4.1>NIST EHR Facility</MSH.4.1>
      <MSH.4.2>2.16.840.1.113883.3.72.5.23</MSH.4.2>
      <MSH.4.3>ISO</MSH.4.3>
    </MSH.4>
    <MSH.5>
      <MSH.5.1>NIST Test Lab APP</MSH.5.1>
      <MSH.5.2>2.16.840.1.113883.3.72.5.20</MSH.5.2>
      <MSH.5.3>ISO</MSH.5.3>
    </MSH.5>
    <MSH.6>
      <MSH.6.1>NIST Lab Facility</MSH.6.1>
      <MSH.6.2>2.16.840.1.113883.3.72.5.21</MSH.6.2>
      <MSH.6.3>ISO</MSH.6.3>
    </MSH.6>
    <MSH.7>
      <MSH.7.1>20130211184101-0500</MSH.7.1>
    </MSH.7>
    <MSH.9>
      <MSH.9.1>OML</MSH.9.1>
      <MSH.9.2>O21</MSH.9.2>
      <MSH.9.3>OML_O21</MSH.9.3>
    </MSH.9>
    <MSH.10>NIST-LOI_3.0_1.1-GU</MSH.10>
    <MSH.11>
      <MSH.11.1>T</MSH.11.1>
    </MSH.11>
    <MSH.12>
      <MSH.12.1>2.5.1</MSH.12.1>
    </MSH.12>
    <MSH.15>AL</MSH.15>
    <MSH.16>AL</MSH.16>
    <MSH.21>
      <MSH.21.1>LOI_Common_Component</MSH.21.1>
      <MSH.21.2>LOI Base Profile</MSH.21.2>
      <MSH.21.3>2.16.840.1.113883.9.66</MSH.21.3>
      <MSH.21.4>ISO</MSH.21.4>
    </MSH.21>
    <MSH.21>
      <MSH.21.1>LOI_GU_Component</MSH.21.1>
      <MSH.21.2>LOI GU Profile</MSH.21.2>
      <MSH.21.3>2.16.840.1.113883.9.78</MSH.21.3>
      <MSH.21.4>ISO</MSH.21.4>
    </MSH.21>
    <MSH.21>
      <MSH.21.1>LAB_PRU_Component</MSH.21.1>
      <MSH.21.2>LOI PRU Profile</MSH.21.2>
      <MSH.21.3>2.16.840.1.113883.9.82</MSH.21.3>
      <MSH.21.4>ISO</MSH.21.4>
    </MSH.21>
  </MSH>
  <OML_O21.PATIENT>
    <PID>
      <PID.1>1</PID.1>
      <PID.3>
        <PID.3.1>PATID1234</PID.3.1>
        <PID.3.4>
          <PID.3.4.1>NIST MPI</PID.3.4.1>
          <PID.3.4.2>2.16.840.1.113883.3.72.5.30.2</PID.3.4.2>
          <PID.3.4.3>ISO</PID.3.4.3>
        </PID.3.4>
        <PID.3.5>MR</PID.3.5>
      </PID.3>
      <PID.5>
        <PID.5.1>
          <PID.5.1.1>Jones</PID.5.1.1>
        </PID.5.1>
        <PID.5.2>William</PID.5.2>
        <PID.5.3>A</PID.5.3>
        <PID.5.4>JR</PID.5.4>
        <PID.5.7>L</PID.5.7>
      </PID.5>
      <PID.7>
        <PID.7.1>19610615</PID.7.1>
      </PID.7>
      <PID.8>M</PID.8>
      <PID.10>
        <PID.10.1>2106-3</PID.10.1>
        <PID.10.2>White</PID.10.2>
        <PID.10.3>HL70005</PID.10.3>
      </PID.10>
      <PID.11>
        <PID.11.1>
          <PID.11.1.1>2100 Kennwood Ave</PID.11.1.1>
        </PID.11.1>
        <PID.11.2>Apt 41</PID.11.2>
        <PID.11.3>Los Angeles</PID.11.3>
        <PID.11.4>CA</PID.11.4>
        <PID.11.5>90067</PID.11.5>
        <PID.11.7>H</PID.11.7>
      </PID.11>
    </PID>
  </OML_O21.PATIENT>
  <OML_O21.ORDER>
    <ORC>
      <ORC.1>NW</ORC.1>
      <ORC.2>
        <ORC.2.1>ORD777888</ORC.2.1>
        <ORC.2.3>2.16.840.1.113883.3.72.5.24</ORC.2.3>
        <ORC.2.4>ISO</ORC.2.4>
      </ORC.2>
      <ORC.4>
        <ORC.4.1>GORD874244</ORC.4.1>
        <ORC.4.3>2.16.840.1.113883.3.72.5.24</ORC.4.3>
        <ORC.4.4>ISO</ORC.4.4>
      </ORC.4>
      <ORC.9>
        <ORC.9.1>20120628070100</ORC.9.1>
      </ORC.9>
      <ORC.12>
        <ORC.12.1>5742200012</ORC.12.1>
        <ORC.12.2>
          <ORC.12.2.1>Radon</ORC.12.2.1>
        </ORC.12.2>
        <ORC.12.3>Nicholas</ORC.12.3>
        <ORC.12.9>
          <ORC.12.9.1>NPI</ORC.12.9.1>
          <ORC.12.9.2>2.16.840.1.113883.4.6</ORC.12.9.2>
          <ORC.12.9.3>ISO</ORC.12.9.3>
        </ORC.12.9>
        <ORC.12.10>L</ORC.12.10>
        <ORC.12.13>NPI</ORC.12.13>
      </ORC.12>
      <ORC.20>
        <ORC.20.1>2</ORC.20.1>
        <ORC.20.2>Patient has been informed of responsibility, and agrees to pay for service</ORC.20.2>
        <ORC.20.3>HL70339</ORC.20.3>
      </ORC.20>
    </ORC>
    <OML_O21.ORDER.OBSERVATION_REQUEST>
      <OBR>
        <OBR.1>1</OBR.1>
        <OBR.2>
          <OBR.2.1>ORD777888</OBR.2.1>
          <OBR.2.3>2.16.840.1.113883.3.72.5.24</OBR.2.3>
          <OBR.2.4>ISO</OBR.2.4>
        </OBR.2>
        <OBR.4>
          <OBR.4.1>400.1</OBR.4.1>
          <OBR.4.2>Lipid Panel - direct LDL</OBR.4.2>
          <OBR.4.3>99USL</OBR.4.3>
          <OBR.4.4>57698-3</OBR.4.4>
          <OBR.4.5>Lipid panel with direct LDL - Serum or Plasma</OBR.4.5>
          <OBR.4.6>LN</OBR.4.6>
          <OBR.4.7>20130421</OBR.4.7>
          <OBR.4.9>Lipid Panel - direct LDL</OBR.4.9>
        </OBR.4>
        <OBR.7>
          <OBR.7.1>20110531123551-0800</OBR.7.1>
        </OBR.7>
        <OBR.16>
          <OBR.16.1>5742200012</OBR.16.1>
          <OBR.16.2>
            <OBR.16.2.1>Radon</OBR.16.2.1>
          </OBR.16.2>
          <OBR.16.3>Nicholas</OBR.16.3>
          <OBR.16.9>
            <OBR.16.9.1>NPI</OBR.16.9.1>
            <OBR.16.9.2>2.16.840.1.113883.4.6</OBR.16.9.2>
            <OBR.16.9.3>ISO</OBR.16.9.3>
          </OBR.16.9>
          <OBR.16.10>L</OBR.16.10>
          <OBR.16.13>NPI</OBR.16.13>
        </OBR.16>
        <OBR.28>
          <OBR.28.1>10092000194</OBR.28.1>
          <OBR.28.2>
            <OBR.28.2.1>Hamlin</OBR.28.2.1>
          </OBR.28.2>
          <OBR.28.3>Pafford</OBR.28.3>
          <OBR.28.9>
            <OBR.28.9.1>NPI</OBR.28.9.1>
            <OBR.28.9.2>2.16.840.1.113883.4.6</OBR.28.9.2>
            <OBR.28.9.3>ISO</OBR.28.9.3>
          </OBR.28.9>
          <OBR.28.10>L</OBR.28.10>
          <OBR.28.13>NPI</OBR.28.13>
        </OBR.28>
      </OBR>
      <PRT>
        <PRT.1>
          <PRT.1.1>1</PRT.1.1>
          <PRT.1.2>NIST EHR</PRT.1.2>
          <PRT.1.3>2.16.840.1.113883.3.72.5.22</PRT.1.3>
          <PRT.1.4>ISO</PRT.1.4>
        </PRT.1>
        <PRT.2>AD</PRT.2>
        <PRT.4>
          <PRT.4.1>RCT</PRT.4.1>
          <PRT.4.2>Result Copies To</PRT.4.2>
          <PRT.4.3>HL70912</PRT.4.3>
          <PRT.4.9>Send blind carbon copies to</PRT.4.9>
        </PRT.4>
        <PRT.5>
          <PRT.5.1>10092000194</PRT.5.1>
          <PRT.5.2>
            <PRT.5.2.1>Hamlin</PRT.5.2.1>
          </PRT.5.2>
          <PRT.5.3>Pafford</PRT.5.3>
          <PRT.5.9>
            <PRT.5.9.1>NPI</PRT.5.9.1>
            <PRT.5.9.2>2.16.840.1.113883.4.6</PRT.5.9.2>
            <PRT.5.9.3>ISO</PRT.5.9.3>
          </PRT.5.9>
          <PRT.5.10>L</PRT.5.10>
          <PRT.5.13>NPI</PRT.5.13>
        </PRT.5>
        <PRT.15>
          <PRT.15.3>FX</PRT.15.3>
          <PRT.15.6>323</PRT.15.6>
          <PRT.15.7>5555555</PRT.15.7>
        </PRT.15>
      </PRT>
      <DG1>
        <DG1.1>1</DG1.1>
        <DG1.3>
          <DG1.3.1>Z82.49</DG1.3.1>
          <DG1.3.2>Family history of ischemic heart disease and other diseases of the circulatory system</DG1.3.2>
          <DG1.3.3>I10C</DG1.3.3>
          <DG1.3.9>family history of  heart diease NOS</DG1.3.9>
        </DG1.3>
        <DG1.6>W</DG1.6>
        <DG1.15>2</DG1.15>
      </DG1>
      <DG1>
        <DG1.1>2</DG1.1>
        <DG1.3>
          <DG1.3.1>R00.2</DG1.3.1>
          <DG1.3.2>Palpitations</DG1.3.2>
          <DG1.3.3>I10C</DG1.3.3>
          <DG1.3.9>Palpitations</DG1.3.9>
        </DG1.3>
        <DG1.6>W</DG1.6>
        <DG1.15>1</DG1.15>
      </DG1>
      <OML_O21.ORDER.OBSERVATION_REQUEST.OBSERVATION>
        <OBX>
          <OBX.1>1</OBX.1>
          <OBX.2>CWE</OBX.2>
          <OBX.3>
            <OBX.3.1>49541-6</OBX.3.1>
            <OBX.3.2>Fasting status</OBX.3.2>
            <OBX.3.3>LN</OBX.3.3>
            <OBX.3.4>1902</OBX.3.4>
            <OBX.3.5>Fasting Status</OBX.3.5>
            <OBX.3.6>99USL</OBX.3.6>
          </OBX.3>
          <OBX.5>
            <OBX.5.1>Y</OBX.5.1>
            <OBX.5.2>Yes</OBX.5.2>
            <OBX.5.3>HL70136</OBX.5.3>
          </OBX.5>
          <OBX.11>O</OBX.11>
          <OBX.14>
            <OBX.14.1>20110531</OBX.14.1>
          </OBX.14>
          <OBX.29>SCI</OBX.29>
        </OBX>
      </OML_O21.ORDER.OBSERVATION_REQUEST.OBSERVATION>
      <OML_O21.ORDER.OBSERVATION_REQUEST.SPECIMEN>
        <SPM>
          <SPM.1>1</SPM.1>
          <SPM.2>
            <SPM.2.1>
              <SPM.2.1.1>S-666555</SPM.2.1.1>
              <SPM.2.1.2>NIST EHR</SPM.2.1.2>
              <SPM.2.1.3>2.16.840.1.113883.3.72.5.24</SPM.2.1.3>
              <SPM.2.1.4>ISO</SPM.2.1.4>
            </SPM.2.1>
          </SPM.2>
          <SPM.4>
            <SPM.4.1>119297000</SPM.4.1>
            <SPM.4.2>Blood Specimen</SPM.4.2>
            <SPM.4.3>SCT</SPM.4.3>
            <SPM.4.9>Blood</SPM.4.9>
          </SPM.4>
          <SPM.17>
            <SPM.17.1>
              <SPM.17.1.1>20110531123551-0800</SPM.17.1.1>
            </SPM.17.1>
          </SPM.17>
        </SPM>
      </OML_O21.ORDER.OBSERVATION_REQUEST.SPECIMEN>
    </OML_O21.ORDER.OBSERVATION_REQUEST>
  </OML_O21.ORDER>
</OML_O21>
