<?xml version="1.0" encoding="UTF-8"?>
<OML_O21>
  <MSH>
    <MSH.1>|</MSH.1>
    <MSH.2>^~\&amp;#</MSH.2>
    <MSH.3>
      <MSH.3.1>NIST EHR</MSH.3.1>
      <MSH.3.2>2.16.840.1.113883.3.72.5.22</MSH.3.2>
      <MSH.3.3>ISO</MSH.3.3>
    </MSH.3>
    <MSH.4>
      <MSH.4.1>NIST EHR Facility</MSH.4.1>
      <MSH.4.2>2.16.840.1.113883.3.72.5.23</MSH.4.2>
      <MSH.4.3>ISO</MSH.4.3>
    </MSH.4>
    <MSH.5>
      <MSH.5.1>NIST Test Lab APP</MSH.5.1>
      <MSH.5.2>2.16.840.1.113883.3.72.5.20</MSH.5.2>
      <MSH.5.3>ISO</MSH.5.3>
    </MSH.5>
    <MSH.6>
      <MSH.6.1>NIST Lab Facility</MSH.6.1>
      <MSH.6.2>2.16.840.1.113883.3.72.5.21</MSH.6.2>
      <MSH.6.3>ISO</MSH.6.3>
    </MSH.6>
    <MSH.7>
      <MSH.7.1>20130211184101-0500</MSH.7.1>
    </MSH.7>
    <MSH.9>
      <MSH.9.1>OML</MSH.9.1>
      <MSH.9.2>O21</MSH.9.2>
      <MSH.9.3>OML_O21</MSH.9.3>
    </MSH.9>
    <MSH.10>NIST-LOI_5.0_1.1-GU</MSH.10>
    <MSH.11>
      <MSH.11.1>T</MSH.11.1>
    </MSH.11>
    <MSH.12>
      <MSH.12.1>2.5.1</MSH.12.1>
    </MSH.12>
    <MSH.15>AL</MSH.15>
    <MSH.16>AL</MSH.16>
    <MSH.21>
      <MSH.21.1>LOI_Common_Component</MSH.21.1>
      <MSH.21.2>LOI Base Profile</MSH.21.2>
      <MSH.21.3>2.16.840.1.113883.9.66</MSH.21.3>
      <MSH.21.4>ISO</MSH.21.4>
    </MSH.21>
    <MSH.21>
      <MSH.21.1>LOI_GU_Component</MSH.21.1>
      <MSH.21.2>LOI GU Profile</MSH.21.2>
      <MSH.21.3>2.16.840.1.113883.9.78</MSH.21.3>
      <MSH.21.4>ISO</MSH.21.4>
    </MSH.21>
    <MSH.21>
      <MSH.21.1>LAB_PRU_Component</MSH.21.1>
      <MSH.21.2>LOI PRU Profile</MSH.21.2>
      <MSH.21.3>2.16.840.1.113883.9.82</MSH.21.3>
      <MSH.21.4>ISO</MSH.21.4>
    </MSH.21>
  </MSH>
  <OML_O21.PATIENT>
    <PID>
      <PID.1>1</PID.1>
      <PID.3>
        <PID.3.1>PATID1239</PID.3.1>
        <PID.3.4>
          <PID.3.4.1>NIST MPI</PID.3.4.1>
          <PID.3.4.2>2.16.840.1.113883.3.72.5.30.2</PID.3.4.2>
          <PID.3.4.3>ISO</PID.3.4.3>
        </PID.3.4>
        <PID.3.5>MR</PID.3.5>
      </PID.3>
      <PID.5>
        <PID.5.1>
          <PID.5.1.1>Smirnoff</PID.5.1.1>
        </PID.5.1>
        <PID.5.2>Peggy</PID.5.2>
        <PID.5.7>M</PID.5.7>
      </PID.5>
      <PID.7>
        <PID.7.1>19750401</PID.7.1>
      </PID.7>
      <PID.8>F</PID.8>
      <PID.10>
        <PID.10.1>2106-3</PID.10.1>
        <PID.10.2>White</PID.10.2>
        <PID.10.3>HL70005</PID.10.3>
      </PID.10>
      <PID.11>
        <PID.11.1>
          <PID.11.1.1>450 Bauchet Street</PID.11.1.1>
        </PID.11.1>
        <PID.11.3>Los Angeles</PID.11.3>
        <PID.11.4>CA</PID.11.4>
        <PID.11.5>90012</PID.11.5>
        <PID.11.7>H</PID.11.7>
      </PID.11>
      <PID.22>
        <PID.22.1>N</PID.22.1>
        <PID.22.2>Not Hispanic or Latino</PID.22.2>
        <PID.22.3>HL70189</PID.22.3>
      </PID.22>
    </PID>
    <NK1>
      <NK1.1>1</NK1.1>
      <NK1.3>
        <NK1.3.1>OTH</NK1.3.1>
        <NK1.3.2>Other</NK1.3.2>
        <NK1.3.3>HL70063</NK1.3.3>
      </NK1.3>
      <NK1.13>
        <NK1.13.1>County Women's Correctional Facility</NK1.13.1>
        <NK1.13.6>
          <NK1.13.6.1>CWCF</NK1.13.6.1>
          <NK1.13.6.2>2.16.840.1.114222.4.50.12.4</NK1.13.6.2>
          <NK1.13.6.3>ISO</NK1.13.6.3>
        </NK1.13.6>
        <NK1.13.7>XX</NK1.13.7>
        <NK1.13.10>OID724</NK1.13.10>
      </NK1.13>
    </NK1>
  </OML_O21.PATIENT>
  <OML_O21.ORDER>
    <ORC>
      <ORC.1>NW</ORC.1>
      <ORC.2>
        <ORC.2.1>ORD448811</ORC.2.1>
        <ORC.2.3>2.16.840.1.113883.3.72.5.24</ORC.2.3>
        <ORC.2.4>ISO</ORC.2.4>
      </ORC.2>
      <ORC.9>
        <ORC.9.1>20120628070100</ORC.9.1>
      </ORC.9>
      <ORC.12>
        <ORC.12.1>5742200012</ORC.12.1>
        <ORC.12.2>
          <ORC.12.2.1>Radon</ORC.12.2.1>
        </ORC.12.2>
        <ORC.12.3>Nicholas</ORC.12.3>
        <ORC.12.9>
          <ORC.12.9.1>NPI</ORC.12.9.1>
          <ORC.12.9.2>2.16.840.1.113883.4.6</ORC.12.9.2>
          <ORC.12.9.3>ISO</ORC.12.9.3>
        </ORC.12.9>
        <ORC.12.10>L</ORC.12.10>
        <ORC.12.13>NPI</ORC.12.13>
      </ORC.12>
    </ORC>
    <OML_O21.ORDER.OBSERVATION_REQUEST>
      <OBR>
        <OBR.1>1</OBR.1>
        <OBR.2>
          <OBR.2.1>ORD448811</OBR.2.1>
          <OBR.2.3>2.16.840.1.113883.3.72.5.24</OBR.2.3>
          <OBR.2.4>ISO</OBR.2.4>
        </OBR.2>
        <OBR.4>
          <OBR.4.1>1000</OBR.4.1>
          <OBR.4.2>Hepatitis A B C Panel_WithReflex</OBR.4.2>
          <OBR.4.3>99USL</OBR.4.3>
        </OBR.4>
        <OBR.7>
          <OBR.7.1>20120628070100</OBR.7.1>
        </OBR.7>
        <OBR.16>
          <OBR.16.1>5742200012</OBR.16.1>
          <OBR.16.2>
            <OBR.16.2.1>Radon</OBR.16.2.1>
          </OBR.16.2>
          <OBR.16.3>Nicholas</OBR.16.3>
          <OBR.16.9>
            <OBR.16.9.1>NPI</OBR.16.9.1>
            <OBR.16.9.2>2.16.840.1.113883.4.6</OBR.16.9.2>
            <OBR.16.9.3>ISO</OBR.16.9.3>
          </OBR.16.9>
          <OBR.16.10>L</OBR.16.10>
          <OBR.16.13>NPI</OBR.16.13>
        </OBR.16>
      </OBR>
      <DG1>
        <DG1.1>1</DG1.1>
        <DG1.3>
          <DG1.3.1>F11.129</DG1.3.1>
          <DG1.3.2>Opioid abuse with intoxication, unspecified</DG1.3.2>
          <DG1.3.3>I10C</DG1.3.3>
        </DG1.3>
        <DG1.6>W</DG1.6>
        <DG1.15>1</DG1.15>
      </DG1>
      <OML_O21.ORDER.OBSERVATION_REQUEST.OBSERVATION>
        <OBX>
          <OBX.1>1</OBX.1>
          <OBX.2>CWE</OBX.2>
          <OBX.3>
            <OBX.3.1>67471-3</OBX.3.1>
            <OBX.3.2>Pregnancy</OBX.3.2>
            <OBX.3.3>LN</OBX.3.3>
          </OBX.3>
          <OBX.5>
            <OBX.5.1>UNK</OBX.5.1>
            <OBX.5.2>Unknown</OBX.5.2>
            <OBX.5.3>HL70353</OBX.5.3>
            <OBX.5.4>3118003</OBX.5.4>
            <OBX.5.5>Possible, unconfirmed</OBX.5.5>
            <OBX.5.6>99USL</OBX.5.6>
            <OBX.5.9>suspected, but unconfirmed - no test to date</OBX.5.9>
          </OBX.5>
          <OBX.11>O</OBX.11>
          <OBX.14>
            <OBX.14.1>20120628</OBX.14.1>
          </OBX.14>
          <OBX.29>SCI</OBX.29>
        </OBX>
      </OML_O21.ORDER.OBSERVATION_REQUEST.OBSERVATION>
      <OML_O21.ORDER.OBSERVATION_REQUEST.SPECIMEN>
        <SPM>
          <SPM.1>1</SPM.1>
          <SPM.2>
            <SPM.2.1>
              <SPM.2.1.1>S-2012_448811</SPM.2.1.1>
              <SPM.2.1.3>2.16.840.1.113883.3.72.5.24</SPM.2.1.3>
              <SPM.2.1.4>ISO</SPM.2.1.4>
            </SPM.2.1>
          </SPM.2>
          <SPM.4>
            <SPM.4.1>119364003</SPM.4.1>
            <SPM.4.2>Serum specimen (specimen)</SPM.4.2>
            <SPM.4.3>SCT</SPM.4.3>
            <SPM.4.4>SER</SPM.4.4>
            <SPM.4.5>Serum</SPM.4.5>
            <SPM.4.6>L</SPM.4.6>
          </SPM.4>
          <SPM.17>
            <SPM.17.1>
              <SPM.17.1.1>20120628070100</SPM.17.1.1>
            </SPM.17.1>
          </SPM.17>
        </SPM>
      </OML_O21.ORDER.OBSERVATION_REQUEST.SPECIMEN>
    </OML_O21.ORDER.OBSERVATION_REQUEST>
  </OML_O21.ORDER>
</OML_O21>
