<?xml version="1.0" encoding="UTF-8"?>
<OML_O21>
  <MSH>
    <MSH.1>|</MSH.1>
    <MSH.2>^~\&amp;#</MSH.2>
    <MSH.3>
      <MSH.3.2>372520</MSH.3.2>
      <MSH.3.3>L</MSH.3.3>
    </MSH.3>
    <MSH.4>
      <MSH.4.2>372521</MSH.4.2>
      <MSH.4.3>L</MSH.4.3>
    </MSH.4>
    <MSH.5>
      <MSH.5.2>372522</MSH.5.2>
      <MSH.5.3>L</MSH.5.3>
    </MSH.5>
    <MSH.6>
      <MSH.6.2>372523</MSH.6.2>
      <MSH.6.3>L</MSH.6.3>
    </MSH.6>
    <MSH.7>
      <MSH.7.1>20130211184101-0500</MSH.7.1>
    </MSH.7>
    <MSH.9>
      <MSH.9.1>OML</MSH.9.1>
      <MSH.9.2>O21</MSH.9.2>
      <MSH.9.3>OML_O21</MSH.9.3>
    </MSH.9>
    <MSH.10>NIST-LOI_1.0_1.1-NG</MSH.10>
    <MSH.11>
      <MSH.11.1>T</MSH.11.1>
    </MSH.11>
    <MSH.12>
      <MSH.12.1>2.5.1</MSH.12.1>
    </MSH.12>
    <MSH.15>AL</MSH.15>
    <MSH.16>AL</MSH.16>
    <MSH.21>
      <MSH.21.1>LOI_Common_Component</MSH.21.1>
      <MSH.21.2>LOI Base Profile</MSH.21.2>
      <MSH.21.3>2.16.840.1.113883.9.66</MSH.21.3>
      <MSH.21.4>ISO</MSH.21.4>
    </MSH.21>
    <MSH.21>
      <MSH.21.1>LOI_NG_Component</MSH.21.1>
      <MSH.21.2>LOI NG Profile</MSH.21.2>
      <MSH.21.3>2.16.840.1.113883.9.79</MSH.21.3>
      <MSH.21.4>ISO</MSH.21.4>
    </MSH.21>
    <MSH.21>
      <MSH.21.1>LAB_PRU_Component</MSH.21.1>
      <MSH.21.2>LOI PRU Profile</MSH.21.2>
      <MSH.21.3>2.16.840.1.113883.9.82</MSH.21.3>
      <MSH.21.4>ISO</MSH.21.4>
    </MSH.21>
  </MSH>
  <OML_O21.PATIENT>
    <PID>
      <PID.1>1</PID.1>
      <PID.3>
        <PID.3.1>PATID1234</PID.3.1>
        <PID.3.4>
          <PID.3.4.1>NIST MPI</PID.3.4.1>
        </PID.3.4>
        <PID.3.5>MR</PID.3.5>
      </PID.3>
      <PID.5>
        <PID.5.1>
          <PID.5.1.1>Jones</PID.5.1.1>
        </PID.5.1>
        <PID.5.2>William</PID.5.2>
        <PID.5.3>A</PID.5.3>
        <PID.5.4>JR</PID.5.4>
        <PID.5.7>L</PID.5.7>
      </PID.5>
      <PID.7>
        <PID.7.1>19610615</PID.7.1>
      </PID.7>
      <PID.8>M</PID.8>
      <PID.10>
        <PID.10.1>2106-3</PID.10.1>
        <PID.10.2>White</PID.10.2>
        <PID.10.3>HL70005</PID.10.3>
      </PID.10>
      <PID.11>
        <PID.11.1>
          <PID.11.1.1>2100 Kennwood Ave</PID.11.1.1>
        </PID.11.1>
        <PID.11.2>Apt 41</PID.11.2>
        <PID.11.3>Los Angeles</PID.11.3>
        <PID.11.4>CA</PID.11.4>
        <PID.11.5>90067</PID.11.5>
        <PID.11.7>H</PID.11.7>
      </PID.11>
    </PID>
  </OML_O21.PATIENT>
  <OML_O21.ORDER>
    <ORC>
      <ORC.1>NW</ORC.1>
      <ORC.2>
        <ORC.2.1>ORD10</ORC.2.1>
        <ORC.2.2>NIST EHR</ORC.2.2>
      </ORC.2>
      <ORC.4>
        <ORC.4.1>GORD874211</ORC.4.1>
        <ORC.4.2>NIST EHR</ORC.4.2>
      </ORC.4>
      <ORC.9>
        <ORC.9.1>201103311430</ORC.9.1>
      </ORC.9>
      <ORC.12>
        <ORC.12.1>5742200012</ORC.12.1>
        <ORC.12.2>
          <ORC.12.2.1>Radon</ORC.12.2.1>
        </ORC.12.2>
        <ORC.12.3>Nicholas</ORC.12.3>
        <ORC.12.9>
          <ORC.12.9.1>NPI</ORC.12.9.1>
        </ORC.12.9>
        <ORC.12.10>L</ORC.12.10>
        <ORC.12.13>NPI</ORC.12.13>
      </ORC.12>
      <ORC.14>
        <ORC.14.3>PH</ORC.14.3>
        <ORC.14.6>213</ORC.14.6>
        <ORC.14.7>7865600</ORC.14.7>
        <ORC.14.8>3312</ORC.14.8>
      </ORC.14>
      <ORC.14>
        <ORC.14.3>X.400</ORC.14.3>
        <ORC.14.4>n.m.radon@goodhealth.org</ORC.14.4>
      </ORC.14>
      <ORC.20>
        <ORC.20.1>4</ORC.20.1>
        <ORC.20.2>Advanced Beneficiary Notice has not been signed</ORC.20.2>
        <ORC.20.3>HL70339</ORC.20.3>
        <ORC.20.7>2.5.1</ORC.20.7>
        <ORC.20.9>ABN not signed</ORC.20.9>
      </ORC.20>
    </ORC>
    <OML_O21.ORDER.TIMING>
      <TQ1>
        <TQ1.1>1</TQ1.1>
        <TQ1.7>
          <TQ1.7.1>201103311500-0800</TQ1.7.1>
        </TQ1.7>
        <TQ1.9>
          <TQ1.9.1>R</TQ1.9.1>
          <TQ1.9.3>HL70485</TQ1.9.3>
        </TQ1.9>
      </TQ1>
    </OML_O21.ORDER.TIMING>
    <OML_O21.ORDER.OBSERVATION_REQUEST>
      <OBR>
        <OBR.1>1</OBR.1>
        <OBR.2>
          <OBR.2.1>ORD10</OBR.2.1>
          <OBR.2.2>NIST EHR</OBR.2.2>
        </OBR.2>
        <OBR.4>
          <OBR.4.1>500</OBR.4.1>
          <OBR.4.2>Erythrocyte sedimentation rate</OBR.4.2>
          <OBR.4.3>99USL</OBR.4.3>
          <OBR.4.4>30341-2</OBR.4.4>
          <OBR.4.5>Erythrocyte sedimentation rate</OBR.4.5>
          <OBR.4.6>LN</OBR.4.6>
          <OBR.4.7>20130421</OBR.4.7>
          <OBR.4.9>Erythrocyte sedimentation rate</OBR.4.9>
        </OBR.4>
        <OBR.16>
          <OBR.16.1>5742200012</OBR.16.1>
          <OBR.16.2>
            <OBR.16.2.1>Radon</OBR.16.2.1>
          </OBR.16.2>
          <OBR.16.3>Nicholas</OBR.16.3>
          <OBR.16.9>
            <OBR.16.9.1>NPI</OBR.16.9.1>
          </OBR.16.9>
          <OBR.16.10>L</OBR.16.10>
          <OBR.16.13>NPI</OBR.16.13>
        </OBR.16>
        <OBR.17>
          <OBR.17.3>PH</OBR.17.3>
          <OBR.17.6>626</OBR.17.6>
          <OBR.17.7>5552341</OBR.17.7>
          <OBR.17.8>3312</OBR.17.8>
        </OBR.17>
        <OBR.17>
          <OBR.17.3>Internet</OBR.17.3>
          <OBR.17.4>n.radon@goodhealth.org</OBR.17.4>
        </OBR.17>
        <OBR.28>
          <OBR.28.1>10092000194</OBR.28.1>
          <OBR.28.2>
            <OBR.28.2.1>Hamlin</OBR.28.2.1>
          </OBR.28.2>
          <OBR.28.3>Pafford</OBR.28.3>
          <OBR.28.9>
            <OBR.28.9.1>NPI</OBR.28.9.1>
          </OBR.28.9>
          <OBR.28.10>L</OBR.28.10>
          <OBR.28.13>NPI</OBR.28.13>
        </OBR.28>
        <OBR.28>
          <OBR.28.1>2129416824</OBR.28.1>
          <OBR.28.2>
            <OBR.28.2.1>Davison</OBR.28.2.1>
          </OBR.28.2>
          <OBR.28.3>Daniel</OBR.28.3>
          <OBR.28.9>
            <OBR.28.9.1>NPI</OBR.28.9.1>
          </OBR.28.9>
          <OBR.28.10>L</OBR.28.10>
          <OBR.28.13>NPI</OBR.28.13>
        </OBR.28>
      </OBR>
      <NTE>
        <NTE.1>1</NTE.1>
        <NTE.3>Patient is extremely anxious about needles used for drawing blood.\br\If patient is overly frightened, nervous, or anxious please reschedule blood draw.</NTE.3>
      </NTE>
      <NTE>
        <NTE.1>2</NTE.1>
        <NTE.3>Patient is allergic to latex</NTE.3>
      </NTE>
      <PRT>
        <PRT.1>
          <PRT.1.1>1</PRT.1.1>
          <PRT.1.2>NIST EHR</PRT.1.2>
        </PRT.1>
        <PRT.2>AD</PRT.2>
        <PRT.4>
          <PRT.4.1>RCT</PRT.4.1>
          <PRT.4.2>Result Copies To</PRT.4.2>
          <PRT.4.3>HL70912</PRT.4.3>
          <PRT.4.9>Copy to</PRT.4.9>
        </PRT.4>
        <PRT.5>
          <PRT.5.1>10092000194</PRT.5.1>
          <PRT.5.2>
            <PRT.5.2.1>Hamlin</PRT.5.2.1>
          </PRT.5.2>
          <PRT.5.3>Pafford</PRT.5.3>
          <PRT.5.9>
            <PRT.5.9.1>NPI</PRT.5.9.1>
          </PRT.5.9>
          <PRT.5.10>L</PRT.5.10>
          <PRT.5.13>NPI</PRT.5.13>
        </PRT.5>
        <PRT.14>
          <PRT.14.1>
            <PRT.14.1.1>555 Tennessee Ave</PRT.14.1.1>
          </PRT.14.1>
          <PRT.14.2>suite 120</PRT.14.2>
          <PRT.14.3>Huntington Park</PRT.14.3>
          <PRT.14.4>CA</PRT.14.4>
          <PRT.14.5>90255</PRT.14.5>
          <PRT.14.6>USA</PRT.14.6>
          <PRT.14.7>B</PRT.14.7>
        </PRT.14>
        <PRT.15>
          <PRT.15.3>FX</PRT.15.3>
          <PRT.15.6>323</PRT.15.6>
          <PRT.15.7>5555555</PRT.15.7>
        </PRT.15>
        <PRT.15>
          <PRT.15.3>Internet</PRT.15.3>
          <PRT.15.4>DocPafford@gooddr.com</PRT.15.4>
        </PRT.15>
        <PRT.15>
          <PRT.15.3>PH</PRT.15.3>
          <PRT.15.6>310</PRT.15.6>
          <PRT.15.7>5465550</PRT.15.7>
          <PRT.15.8>19</PRT.15.8>
        </PRT.15>
      </PRT>
      <PRT>
        <PRT.1>
          <PRT.1.1>1</PRT.1.1>
          <PRT.1.2>NIST EHR</PRT.1.2>
        </PRT.1>
        <PRT.2>AD</PRT.2>
        <PRT.4>
          <PRT.4.1>RCT</PRT.4.1>
          <PRT.4.2>Result Copies To</PRT.4.2>
          <PRT.4.3>HL70912</PRT.4.3>
          <PRT.4.9>Send carbon copies to</PRT.4.9>
        </PRT.4>
        <PRT.5>
          <PRT.5.1>2129416824</PRT.5.1>
          <PRT.5.2>
            <PRT.5.2.1>Davison</PRT.5.2.1>
          </PRT.5.2>
          <PRT.5.3>Daniel</PRT.5.3>
          <PRT.5.9>
            <PRT.5.9.1>NPI</PRT.5.9.1>
          </PRT.5.9>
          <PRT.5.10>L</PRT.5.10>
          <PRT.5.13>NPI</PRT.5.13>
        </PRT.5>
        <PRT.14>
          <PRT.14.1>
            <PRT.14.1.1>7014 West Arbor Vitae St</PRT.14.1.1>
          </PRT.14.1>
          <PRT.14.2>Suite 120</PRT.14.2>
          <PRT.14.3>Inglewood</PRT.14.3>
          <PRT.14.4>CA</PRT.14.4>
          <PRT.14.5>90313</PRT.14.5>
          <PRT.14.6>USA</PRT.14.6>
          <PRT.14.7>B</PRT.14.7>
        </PRT.14>
        <PRT.15>
          <PRT.15.3>FX</PRT.15.3>
          <PRT.15.6>310</PRT.15.6>
          <PRT.15.7>5465555</PRT.15.7>
        </PRT.15>
        <PRT.15>
          <PRT.15.3>Internet</PRT.15.3>
          <PRT.15.4>dddIII@gooddr.com</PRT.15.4>
        </PRT.15>
        <PRT.15>
          <PRT.15.3>PH</PRT.15.3>
          <PRT.15.6>310</PRT.15.6>
          <PRT.15.7>5465550</PRT.15.7>
          <PRT.15.8>18</PRT.15.8>
        </PRT.15>
        <PRT.15>
          <PRT.15.3>PH</PRT.15.3>
          <PRT.15.6>310</PRT.15.6>
          <PRT.15.7>3235780</PRT.15.7>
          <PRT.15.8>19</PRT.15.8>
        </PRT.15>
      </PRT>
      <DG1>
        <DG1.1>1</DG1.1>
        <DG1.3>
          <DG1.3.1>M25.50</DG1.3.1>
          <DG1.3.2>Pain in unspecified joint</DG1.3.2>
          <DG1.3.3>I10C</DG1.3.3>
        </DG1.3>
        <DG1.6>F</DG1.6>
        <DG1.15>1</DG1.15>
      </DG1>
    </OML_O21.ORDER.OBSERVATION_REQUEST>
  </OML_O21.ORDER>
</OML_O21>
