<?xml version="1.0" encoding="UTF-8"?>
<ACK>
  <MSH>
    <MSH.1>|</MSH.1>
    <MSH.2>^~\&amp;#</MSH.2>
    <MSH.4>
      <MSH.4.2>2.16.840.1.113883.3.72.5.21</MSH.4.2>
      <MSH.4.3>ISO</MSH.4.3>
    </MSH.4>
    <MSH.7>
      <MSH.7.1>20130219180035-0800</MSH.7.1>
    </MSH.7>
    <MSH.9>
      <MSH.9.1>ACK</MSH.9.1>
      <MSH.9.2>O21</MSH.9.2>
      <MSH.9.3>ACK</MSH.9.3>
    </MSH.9>
    <MSH.10>NIST-ACK_0.0_1.1-GU</MSH.10>
    <MSH.11>
      <MSH.11.1>T</MSH.11.1>
    </MSH.11>
    <MSH.12>
      <MSH.12.1>2.5.1</MSH.12.1>
    </MSH.12>
    <MSH.15>NE</MSH.15>
    <MSH.16>NE</MSH.16>
    <MSH.21>
      <MSH.21.1>LOI_GU_Response_Profile</MSH.21.1>
      <MSH.21.3>2.16.840.1.113883.9.92</MSH.21.3>
      <MSH.21.4>ISO</MSH.21.4>
    </MSH.21>
  </MSH>
  <MSA>
    <MSA.1>CA</MSA.1>
    <MSA.2>LOI_0.0_1.1-GU</MSA.2>
  </MSA>
</ACK>
