<?xml version="1.0" encoding="UTF-8"?>
<ORU_R01>
  <MSH>
    <MSH.1>|</MSH.1>
    <MSH.2>^~\&amp;</MSH.2>
    <MSH.3>
      <MSH.3.2>2.16.840.1.113883.3.72.5.20</MSH.3.2>
      <MSH.3.3>ISO</MSH.3.3>
    </MSH.3>
    <MSH.4>
      <MSH.4.2>2.16.840.1.113883.3.72.5.21</MSH.4.2>
      <MSH.4.3>ISO</MSH.4.3>
    </MSH.4>
    <MSH.6>
      <MSH.6.2>2.16.840.1.113883.3.72.5.23</MSH.6.2>
      <MSH.6.3>ISO</MSH.6.3>
    </MSH.6>
    <MSH.7>
      <MSH.7.1>20150926140551</MSH.7.1>
    </MSH.7>
    <MSH.9>
      <MSH.9.1>ORU</MSH.9.1>
      <MSH.9.2>R01</MSH.9.2>
      <MSH.9.3>ORU_R01</MSH.9.3>
    </MSH.9>
    <MSH.10>LRI_1.2_1.1-GU</MSH.10>
    <MSH.11>
      <MSH.11.1>D</MSH.11.1>
    </MSH.11>
    <MSH.12>
      <MSH.12.1>2.5.1</MSH.12.1>
    </MSH.12>
    <MSH.15>AL</MSH.15>
    <MSH.16>AL</MSH.16>
    <MSH.21>
      <MSH.21.1>LRI_Common_Component</MSH.21.1>
      <MSH.21.3>2.16.840.1.113883.9.16</MSH.21.3>
      <MSH.21.4>ISO</MSH.21.4>
    </MSH.21>
    <MSH.21>
      <MSH.21.1>LRI_GU_Component</MSH.21.1>
      <MSH.21.3>2.16.840.1.113883.9.12</MSH.21.3>
      <MSH.21.4>ISO</MSH.21.4>
    </MSH.21>
    <MSH.21>
      <MSH.21.1>LRI_FRU_Component</MSH.21.1>
      <MSH.21.3>2.16.840.1.113883.9.83</MSH.21.3>
      <MSH.21.4>ISO</MSH.21.4>
    </MSH.21>
  </MSH>
  <ORU_R01.PATIENT_RESULT>
    <ORU_R01.PATIENT_RESULT.PATIENT>
      <PID>
        <PID.1>1</PID.1>
        <PID.3>
          <PID.3.1>PATID1236</PID.3.1>
          <PID.3.4>
            <PID.3.4.2>2.16.840.1.113883.3.72.5.30.2</PID.3.4.2>
            <PID.3.4.3>ISO</PID.3.4.3>
          </PID.3.4>
          <PID.3.5>MR</PID.3.5>
        </PID.3>
        <PID.5>
          <PID.5.1>
            <PID.5.1.1>Anderson</PID.5.1.1>
          </PID.5.1>
          <PID.5.2>Janet</PID.5.2>
          <PID.5.7>L</PID.5.7>
        </PID.5>
        <PID.7>
          <PID.7.1>19860930</PID.7.1>
        </PID.7>
        <PID.8>F</PID.8>
        <PID.10>
          <PID.10.1>2106-3</PID.10.1>
          <PID.10.2>White</PID.10.2>
          <PID.10.3>HL70005</PID.10.3>
        </PID.10>
        <PID.18>
          <PID.18.1>PATID1236</PID.18.1>
          <PID.18.4>
            <PID.18.4.2>2.16.840.1.113883.3.72.5.30.2</PID.18.4.2>
            <PID.18.4.3>ISO</PID.18.4.3>
          </PID.18.4>
          <PID.18.5>AN</PID.18.5>
        </PID.18>
      </PID>
    </ORU_R01.PATIENT_RESULT.PATIENT>
    <ORU_R01.PATIENT_RESULT.ORDER_OBSERVATION>
      <ORC>
        <ORC.1>RE</ORC.1>
        <ORC.2>
          <ORC.2.1>ORD723222-1</ORC.2.1>
          <ORC.2.3>2.16.840.1.113883.3.72.5.24</ORC.2.3>
          <ORC.2.4>ISO</ORC.2.4>
        </ORC.2>
        <ORC.3>
          <ORC.3.1>R-783274-1</ORC.3.1>
          <ORC.3.3>2.16.840.1.113883.3.72.5.25</ORC.3.3>
          <ORC.3.4>ISO</ORC.3.4>
        </ORC.3>
        <ORC.4>
          <ORC.4.1>GORD874222</ORC.4.1>
          <ORC.4.3>2.16.840.1.113883.3.72.5.24</ORC.4.3>
          <ORC.4.4>ISO</ORC.4.4>
        </ORC.4>
        <ORC.12>
          <ORC.12.1>5742200012</ORC.12.1>
          <ORC.12.2>
            <ORC.12.2.1>Radon</ORC.12.2.1>
          </ORC.12.2>
          <ORC.12.3>Nicholas</ORC.12.3>
          <ORC.12.9>
            <ORC.12.9.2>2.16.840.1.113883.4.6</ORC.12.9.2>
            <ORC.12.9.3>ISO</ORC.12.9.3>
          </ORC.12.9>
          <ORC.12.10>L</ORC.12.10>
          <ORC.12.13>NPI</ORC.12.13>
        </ORC.12>
      </ORC>
      <OBR>
        <OBR.1>1</OBR.1>
        <OBR.2>
          <OBR.2.1>ORD723222-1</OBR.2.1>
          <OBR.2.3>2.16.840.1.113883.3.72.5.24</OBR.2.3>
          <OBR.2.4>ISO</OBR.2.4>
        </OBR.2>
        <OBR.3>
          <OBR.3.1>R-783274-1</OBR.3.1>
          <OBR.3.3>2.16.840.1.113883.3.72.5.25</OBR.3.3>
          <OBR.3.4>ISO</OBR.3.4>
        </OBR.3>
        <OBR.4>
          <OBR.4.1>30341-2</OBR.4.1>
          <OBR.4.2>Erythrocyte sedimentation rate</OBR.4.2>
          <OBR.4.3>LN</OBR.4.3>
          <OBR.4.4>500</OBR.4.4>
          <OBR.4.5>Erythrocyte sedimentation rate</OBR.4.5>
          <OBR.4.6>99USL</OBR.4.6>
          <OBR.4.7>2.52</OBR.4.7>
          <OBR.4.9>Erythrocyte sedimentation rate</OBR.4.9>
        </OBR.4>
        <OBR.7>
          <OBR.7.1>201509251400</OBR.7.1>
        </OBR.7>
        <OBR.16>
          <OBR.16.1>5742200012</OBR.16.1>
          <OBR.16.2>
            <OBR.16.2.1>Radon</OBR.16.2.1>
          </OBR.16.2>
          <OBR.16.3>Nicholas</OBR.16.3>
          <OBR.16.9>
            <OBR.16.9.2>2.16.840.1.113883.4.6</OBR.16.9.2>
            <OBR.16.9.3>ISO</OBR.16.9.3>
          </OBR.16.9>
          <OBR.16.10>L</OBR.16.10>
          <OBR.16.13>NPI</OBR.16.13>
        </OBR.16>
        <OBR.22>
          <OBR.22.1>20150926140551</OBR.22.1>
        </OBR.22>
        <OBR.25>X</OBR.25>
      </OBR>
      <ORU_R01.PATIENT_RESULT.ORDER_OBSERVATION.OBSERVATION>
        <OBX>
          <OBX.1>1</OBX.1>
          <OBX.2>ST</OBX.2>
          <OBX.3>
            <OBX.3.1>30341-2</OBX.3.1>
            <OBX.3.2>Erythrocyte sedimentation rate</OBX.3.2>
            <OBX.3.3>LN</OBX.3.3>
            <OBX.3.4>815117</OBX.3.4>
            <OBX.3.5>ESR</OBX.3.5>
            <OBX.3.6>99USL</OBX.3.6>
            <OBX.3.7>2.52</OBX.3.7>
            <OBX.3.9>Erythrocyte sedimentation rate</OBX.3.9>
          </OBX.3>
          <OBX.4>
            <OBX.4.2>1</OBX.4.2>
            <OBX.4.3>1</OBX.4.3>
            <OBX.4.4>1</OBX.4.4>
          </OBX.4>
          <OBX.5>Test could not be performed, see Note for details</OBX.5>
          <OBX.11>X</OBX.11>
          <OBX.14>
            <OBX.14.1>201509251400</OBX.14.1>
          </OBX.14>
          <OBX.19>
            <OBX.19.1>20150926130550</OBX.19.1>
          </OBX.19>
          <OBX.23>
            <OBX.23.1>Century Hospital</OBX.23.1>
            <OBX.23.6>
              <OBX.23.6.1>CLIA</OBX.23.6.1>
              <OBX.23.6.2>2.16.840.1.113883.4.7</OBX.23.6.2>
              <OBX.23.6.3>ISO</OBX.23.6.3>
            </OBX.23.6>
            <OBX.23.7>XX</OBX.23.7>
            <OBX.23.10>24D9871327</OBX.23.10>
          </OBX.23>
          <OBX.24>
            <OBX.24.1>
              <OBX.24.1.1>2070 Test Park</OBX.24.1.1>
            </OBX.24.1>
            <OBX.24.3>Los Angeles</OBX.24.3>
            <OBX.24.4>CA</OBX.24.4>
            <OBX.24.5>90067</OBX.24.5>
            <OBX.24.6>USA</OBX.24.6>
            <OBX.24.7>B</OBX.24.7>
            <OBX.24.9>06037</OBX.24.9>
          </OBX.24>
          <OBX.25>
            <OBX.25.1>5432178916</OBX.25.1>
            <OBX.25.2>
              <OBX.25.2.1>Knowsalot</OBX.25.2.1>
            </OBX.25.2>
            <OBX.25.3>Phil</OBX.25.3>
            <OBX.25.4>J.</OBX.25.4>
            <OBX.25.5>III</OBX.25.5>
            <OBX.25.6>Dr.</OBX.25.6>
            <OBX.25.9>
              <OBX.25.9.1>NPI</OBX.25.9.1>
              <OBX.25.9.2>2.16.840.1.113883.4.6</OBX.25.9.2>
              <OBX.25.9.3>ISO</OBX.25.9.3>
            </OBX.25.9>
            <OBX.25.10>L</OBX.25.10>
            <OBX.25.13>NPI</OBX.25.13>
          </OBX.25>
          <OBX.29>RSLT</OBX.29>
          <OBX.30>UNSP</OBX.30>
        </OBX>
        <NTE>
          <NTE.1>1</NTE.1>
          <NTE.3>Blood in tube was clotted, resulting in a rejection of the specimen and leaving the lab unable to perform this test. Please resubmit a new specimen, if test is still desired.</NTE.3>
        </NTE>
      </ORU_R01.PATIENT_RESULT.ORDER_OBSERVATION.OBSERVATION>
      <ORU_R01.PATIENT_RESULT.ORDER_OBSERVATION.SPECIMEN>
        <SPM>
          <SPM.1>1</SPM.1>
          <SPM.2>
            <SPM.2.1>
              <SPM.2.1.1>S-2015-66</SPM.2.1.1>
              <SPM.2.1.3>2.16.840.1.113883.3.72.5.24</SPM.2.1.3>
              <SPM.2.1.4>ISO</SPM.2.1.4>
            </SPM.2.1>
            <SPM.2.2>
              <SPM.2.2.1>S-9911-33</SPM.2.2.1>
              <SPM.2.2.3>2.16.840.1.113883.3.72.5.25</SPM.2.2.3>
              <SPM.2.2.4>ISO</SPM.2.2.4>
            </SPM.2.2>
          </SPM.2>
          <SPM.4>
            <SPM.4.1>119297000</SPM.4.1>
            <SPM.4.2>BLD</SPM.4.2>
            <SPM.4.3>SCT</SPM.4.3>
            <SPM.4.4>BldSpc</SPM.4.4>
            <SPM.4.5>Blood</SPM.4.5>
            <SPM.4.6>99USL</SPM.4.6>
            <SPM.4.7>201509USEd</SPM.4.7>
            <SPM.4.9>Blood Specimen</SPM.4.9>
          </SPM.4>
          <SPM.17>
            <SPM.17.1>
              <SPM.17.1.1>201509251400</SPM.17.1.1>
            </SPM.17.1>
          </SPM.17>
          <SPM.21>
            <SPM.21.1>RC</SPM.21.1>
            <SPM.21.2>Clotting</SPM.21.2>
            <SPM.21.3>HL70490</SPM.21.3>
            <SPM.21.4>C</SPM.21.4>
            <SPM.21.5>Clotting</SPM.21.5>
            <SPM.21.6>99USL</SPM.21.6>
            <SPM.21.9>Blood specimen clotted</SPM.21.9>
          </SPM.21>
          <SPM.24>
            <SPM.24.1>CLOT</SPM.24.1>
            <SPM.24.2>Clotted</SPM.24.2>
            <SPM.24.3>HL70493</SPM.24.3>
            <SPM.24.4>C</SPM.24.4>
            <SPM.24.5>Clotted</SPM.24.5>
            <SPM.24.6>99USL</SPM.24.6>
            <SPM.24.9>blood specimen clotted</SPM.24.9>
          </SPM.24>
        </SPM>
      </ORU_R01.PATIENT_RESULT.ORDER_OBSERVATION.SPECIMEN>
    </ORU_R01.PATIENT_RESULT.ORDER_OBSERVATION>
  </ORU_R01.PATIENT_RESULT>
</ORU_R01>
