<?xml version="1.0" encoding="UTF-8"?>
<ORU_R01>
  <MSH>
    <MSH.1>|</MSH.1>
    <MSH.2>^~\&amp;</MSH.2>
    <MSH.3>
      <MSH.3.2>2.16.840.1.113883.3.72.5.20</MSH.3.2>
      <MSH.3.3>ISO</MSH.3.3>
    </MSH.3>
    <MSH.4>
      <MSH.4.2>2.16.840.1.113883.3.72.5.21</MSH.4.2>
      <MSH.4.3>ISO</MSH.4.3>
    </MSH.4>
    <MSH.6>
      <MSH.6.2>2.16.840.1.113883.3.72.5.23</MSH.6.2>
      <MSH.6.3>ISO</MSH.6.3>
    </MSH.6>
    <MSH.7>
      <MSH.7.1>20150926140551</MSH.7.1>
    </MSH.7>
    <MSH.9>
      <MSH.9.1>ORU</MSH.9.1>
      <MSH.9.2>R01</MSH.9.2>
      <MSH.9.3>ORU_R01</MSH.9.3>
    </MSH.9>
    <MSH.10>LRI_2.0_1.1-GU</MSH.10>
    <MSH.11>
      <MSH.11.1>D</MSH.11.1>
    </MSH.11>
    <MSH.12>
      <MSH.12.1>2.5.1</MSH.12.1>
    </MSH.12>
    <MSH.15>AL</MSH.15>
    <MSH.16>AL</MSH.16>
    <MSH.21>
      <MSH.21.1>LRI_Common_Component</MSH.21.1>
      <MSH.21.3>2.16.840.1.113883.9.16</MSH.21.3>
      <MSH.21.4>ISO</MSH.21.4>
    </MSH.21>
    <MSH.21>
      <MSH.21.1>LRI_GU_Component</MSH.21.1>
      <MSH.21.3>2.16.840.1.113883.9.12</MSH.21.3>
      <MSH.21.4>ISO</MSH.21.4>
    </MSH.21>
    <MSH.21>
      <MSH.21.1>LRI_FRU_Component</MSH.21.1>
      <MSH.21.3>2.16.840.1.113883.9.83</MSH.21.3>
      <MSH.21.4>ISO</MSH.21.4>
    </MSH.21>
  </MSH>
  <ORU_R01.PATIENT_RESULT>
    <ORU_R01.PATIENT_RESULT.PATIENT>
      <PID>
        <PID.1>1</PID.1>
        <PID.3>
          <PID.3.1>PATID1234</PID.3.1>
          <PID.3.4>
            <PID.3.4.2>2.16.840.1.113883.3.72.5.30.2</PID.3.4.2>
            <PID.3.4.3>ISO</PID.3.4.3>
          </PID.3.4>
          <PID.3.5>MR</PID.3.5>
        </PID.3>
        <PID.5>
          <PID.5.1>
            <PID.5.1.1>Jones</PID.5.1.1>
          </PID.5.1>
          <PID.5.2>William</PID.5.2>
          <PID.5.3>A</PID.5.3>
          <PID.5.7>L</PID.5.7>
        </PID.5>
        <PID.7>
          <PID.7.1>19610615</PID.7.1>
        </PID.7>
        <PID.8>M</PID.8>
        <PID.10>
          <PID.10.1>2106-3</PID.10.1>
          <PID.10.2>White</PID.10.2>
          <PID.10.3>HL70005</PID.10.3>
        </PID.10>
        <PID.18>
          <PID.18.1>PATID1234</PID.18.1>
          <PID.18.4>
            <PID.18.4.2>2.16.840.1.113883.3.72.5.30.2</PID.18.4.2>
            <PID.18.4.3>ISO</PID.18.4.3>
          </PID.18.4>
          <PID.18.5>AN</PID.18.5>
        </PID.18>
      </PID>
    </ORU_R01.PATIENT_RESULT.PATIENT>
    <ORU_R01.PATIENT_RESULT.ORDER_OBSERVATION>
      <ORC>
        <ORC.1>RE</ORC.1>
        <ORC.2>
          <ORC.2.1>ORD666555</ORC.2.1>
          <ORC.2.2>GoodHealthC_EHR</ORC.2.2>
          <ORC.2.3>2.16.840.1.113883.3.72.5.24</ORC.2.3>
          <ORC.2.4>ISO</ORC.2.4>
        </ORC.2>
        <ORC.3>
          <ORC.3.1>R-991133</ORC.3.1>
          <ORC.3.2>NIST Lab Filler</ORC.3.2>
          <ORC.3.3>2.16.840.1.113883.3.72.5.25</ORC.3.3>
          <ORC.3.4>ISO</ORC.3.4>
        </ORC.3>
        <ORC.4>
          <ORC.4.1>GORD874233</ORC.4.1>
          <ORC.4.2>GoodHealthC_EHR</ORC.4.2>
          <ORC.4.3>2.16.840.1.113883.3.72.5.24</ORC.4.3>
          <ORC.4.4>ISO</ORC.4.4>
        </ORC.4>
        <ORC.12>
          <ORC.12.1>5742200012</ORC.12.1>
          <ORC.12.2>
            <ORC.12.2.1>Radon</ORC.12.2.1>
          </ORC.12.2>
          <ORC.12.3>Nicholas</ORC.12.3>
          <ORC.12.4>M</ORC.12.4>
          <ORC.12.6>DR</ORC.12.6>
          <ORC.12.9>
            <ORC.12.9.1>NPI</ORC.12.9.1>
            <ORC.12.9.2>2.16.840.1.113883.4.6</ORC.12.9.2>
            <ORC.12.9.3>ISO</ORC.12.9.3>
          </ORC.12.9>
          <ORC.12.10>L</ORC.12.10>
          <ORC.12.13>NPI</ORC.12.13>
        </ORC.12>
      </ORC>
      <OBR>
        <OBR.1>1</OBR.1>
        <OBR.2>
          <OBR.2.1>ORD666555</OBR.2.1>
          <OBR.2.2>GoodHealthC_EHR</OBR.2.2>
          <OBR.2.3>2.16.840.1.113883.3.72.5.24</OBR.2.3>
          <OBR.2.4>ISO</OBR.2.4>
        </OBR.2>
        <OBR.3>
          <OBR.3.1>R-991133</OBR.3.1>
          <OBR.3.2>NIST Lab Filler</OBR.3.2>
          <OBR.3.3>2.16.840.1.113883.3.72.5.25</OBR.3.3>
          <OBR.3.4>ISO</OBR.3.4>
        </OBR.3>
        <OBR.4>
          <OBR.4.1>57021-8</OBR.4.1>
          <OBR.4.2>CBC W Auto Differential panel in Blood</OBR.4.2>
          <OBR.4.3>LN</OBR.4.3>
          <OBR.4.4>200</OBR.4.4>
          <OBR.4.5>CBC_diff</OBR.4.5>
          <OBR.4.6>99USL</OBR.4.6>
          <OBR.4.7>2.52</OBR.4.7>
          <OBR.4.9>Complete Blood Count</OBR.4.9>
        </OBR.4>
        <OBR.7>
          <OBR.7.1>201509251400</OBR.7.1>
        </OBR.7>
        <OBR.16>
          <OBR.16.1>5742200012</OBR.16.1>
          <OBR.16.2>
            <OBR.16.2.1>Radon</OBR.16.2.1>
          </OBR.16.2>
          <OBR.16.3>Nicholas</OBR.16.3>
          <OBR.16.4>M</OBR.16.4>
          <OBR.16.6>DR</OBR.16.6>
          <OBR.16.9>
            <OBR.16.9.1>NPI</OBR.16.9.1>
            <OBR.16.9.2>2.16.840.1.113883.4.6</OBR.16.9.2>
            <OBR.16.9.3>ISO</OBR.16.9.3>
          </OBR.16.9>
          <OBR.16.10>L</OBR.16.10>
          <OBR.16.13>NPI</OBR.16.13>
        </OBR.16>
        <OBR.22>
          <OBR.22.1>20150926143000-0800</OBR.22.1>
        </OBR.22>
        <OBR.25>F</OBR.25>
        <OBR.28>
          <OBR.28.1>10092000194</OBR.28.1>
          <OBR.28.2>
            <OBR.28.2.1>Hamlin</OBR.28.2.1>
          </OBR.28.2>
          <OBR.28.3>Pafford</OBR.28.3>
          <OBR.28.6>Dr.</OBR.28.6>
          <OBR.28.9>
            <OBR.28.9.1>NPI</OBR.28.9.1>
            <OBR.28.9.2>2.16.840.1.113883.4.6</OBR.28.9.2>
            <OBR.28.9.3>ISO</OBR.28.9.3>
          </OBR.28.9>
          <OBR.28.13>NPI</OBR.28.13>
        </OBR.28>
        <OBR.49>
          <OBR.49.1>CC</OBR.49.1>
          <OBR.49.2>Copies Requested</OBR.49.2>
          <OBR.49.3>HL70507</OBR.49.3>
        </OBR.49>
      </OBR>
      <ORU_R01.PATIENT_RESULT.ORDER_OBSERVATION.OBSERVATION>
        <OBX>
          <OBX.1>1</OBX.1>
          <OBX.2>NM</OBX.2>
          <OBX.3>
            <OBX.3.1>26453-1</OBX.3.1>
            <OBX.3.2>Erythrocytes [#/volume] in Blood</OBX.3.2>
            <OBX.3.3>LN</OBX.3.3>
            <OBX.3.7>2.52</OBX.3.7>
            <OBX.3.9>Erythrocytes [#/volume] in Blood</OBX.3.9>
          </OBX.3>
          <OBX.4>
            <OBX.4.2>1</OBX.4.2>
            <OBX.4.3>1</OBX.4.3>
          </OBX.4>
          <OBX.5>4.41</OBX.5>
          <OBX.6>
            <OBX.6.1>10*6/uL</OBX.6.1>
            <OBX.6.2>million per microliter</OBX.6.2>
            <OBX.6.3>UCUM</OBX.6.3>
            <OBX.6.7>1.9</OBX.6.7>
          </OBX.6>
          <OBX.7>4.3 to 6.2</OBX.7>
          <OBX.8>N</OBX.8>
          <OBX.11>F</OBX.11>
          <OBX.14>
            <OBX.14.1>201509251400</OBX.14.1>
          </OBX.14>
          <OBX.19>
            <OBX.19.1>201509251930</OBX.19.1>
          </OBX.19>
          <OBX.23>
            <OBX.23.1>Century Hospital</OBX.23.1>
            <OBX.23.6>
              <OBX.23.6.1>CLIA</OBX.23.6.1>
              <OBX.23.6.2>2.16.840.1.113883.4.7</OBX.23.6.2>
              <OBX.23.6.3>ISO</OBX.23.6.3>
            </OBX.23.6>
            <OBX.23.7>XX</OBX.23.7>
            <OBX.23.10>24D9871327</OBX.23.10>
          </OBX.23>
          <OBX.24>
            <OBX.24.1>
              <OBX.24.1.1>2070 Test Park</OBX.24.1.1>
            </OBX.24.1>
            <OBX.24.3>Los Angeles</OBX.24.3>
            <OBX.24.4>CA</OBX.24.4>
            <OBX.24.5>90067</OBX.24.5>
            <OBX.24.7>B</OBX.24.7>
          </OBX.24>
          <OBX.25>
            <OBX.25.1>5432178916</OBX.25.1>
            <OBX.25.2>
              <OBX.25.2.1>Knowsalot</OBX.25.2.1>
            </OBX.25.2>
            <OBX.25.3>Phil</OBX.25.3>
            <OBX.25.6>Dr.</OBX.25.6>
            <OBX.25.9>
              <OBX.25.9.2>2.16.840.1.113883.4.6</OBX.25.9.2>
              <OBX.25.9.3>ISO</OBX.25.9.3>
            </OBX.25.9>
            <OBX.25.10>L</OBX.25.10>
            <OBX.25.13>NPI</OBX.25.13>
          </OBX.25>
          <OBX.29>RSLT</OBX.29>
        </OBX>
      </ORU_R01.PATIENT_RESULT.ORDER_OBSERVATION.OBSERVATION>
      <ORU_R01.PATIENT_RESULT.ORDER_OBSERVATION.OBSERVATION>
        <OBX>
          <OBX.1>2</OBX.1>
          <OBX.2>NM</OBX.2>
          <OBX.3>
            <OBX.3.1>718-7</OBX.3.1>
            <OBX.3.2>Hemoglobin [Mass/volume] in Blood</OBX.3.2>
            <OBX.3.3>LN</OBX.3.3>
            <OBX.3.7>2.52</OBX.3.7>
            <OBX.3.9>Hemoglobin [Mass/volume] in Blood</OBX.3.9>
          </OBX.3>
          <OBX.4>
            <OBX.4.2>1</OBX.4.2>
            <OBX.4.3>1</OBX.4.3>
          </OBX.4>
          <OBX.5>12.5</OBX.5>
          <OBX.6>
            <OBX.6.1>g/mL</OBX.6.1>
            <OBX.6.2>grams per milliliter</OBX.6.2>
            <OBX.6.3>UCUM</OBX.6.3>
            <OBX.6.7>1.9</OBX.6.7>
          </OBX.6>
          <OBX.7>13 to 18</OBX.7>
          <OBX.8>L</OBX.8>
          <OBX.11>F</OBX.11>
          <OBX.14>
            <OBX.14.1>201509251400</OBX.14.1>
          </OBX.14>
          <OBX.19>
            <OBX.19.1>201509251930</OBX.19.1>
          </OBX.19>
          <OBX.23>
            <OBX.23.1>Century Hospital</OBX.23.1>
            <OBX.23.6>
              <OBX.23.6.1>CLIA</OBX.23.6.1>
              <OBX.23.6.2>2.16.840.1.113883.4.7</OBX.23.6.2>
              <OBX.23.6.3>ISO</OBX.23.6.3>
            </OBX.23.6>
            <OBX.23.7>XX</OBX.23.7>
            <OBX.23.10>24D9871327</OBX.23.10>
          </OBX.23>
          <OBX.24>
            <OBX.24.1>
              <OBX.24.1.1>2070 Test Park</OBX.24.1.1>
            </OBX.24.1>
            <OBX.24.3>Los Angeles</OBX.24.3>
            <OBX.24.4>CA</OBX.24.4>
            <OBX.24.5>90067</OBX.24.5>
            <OBX.24.7>B</OBX.24.7>
          </OBX.24>
          <OBX.25>
            <OBX.25.1>5432178916</OBX.25.1>
            <OBX.25.2>
              <OBX.25.2.1>Knowsalot</OBX.25.2.1>
            </OBX.25.2>
            <OBX.25.3>Phil</OBX.25.3>
            <OBX.25.6>Dr.</OBX.25.6>
            <OBX.25.9>
              <OBX.25.9.2>2.16.840.1.113883.4.6</OBX.25.9.2>
              <OBX.25.9.3>ISO</OBX.25.9.3>
            </OBX.25.9>
            <OBX.25.10>L</OBX.25.10>
            <OBX.25.13>NPI</OBX.25.13>
          </OBX.25>
          <OBX.29>RSLT</OBX.29>
        </OBX>
      </ORU_R01.PATIENT_RESULT.ORDER_OBSERVATION.OBSERVATION>
      <ORU_R01.PATIENT_RESULT.ORDER_OBSERVATION.OBSERVATION>
        <OBX>
          <OBX.1>3</OBX.1>
          <OBX.2>NM</OBX.2>
          <OBX.3>
            <OBX.3.1>20570-8</OBX.3.1>
            <OBX.3.2>Hematocrit [Volume Fraction] of Blood</OBX.3.2>
            <OBX.3.3>LN</OBX.3.3>
            <OBX.3.7>2.52</OBX.3.7>
            <OBX.3.9>Hematocrit [Volume Fraction] of Blood</OBX.3.9>
          </OBX.3>
          <OBX.4>
            <OBX.4.2>1</OBX.4.2>
            <OBX.4.3>1</OBX.4.3>
          </OBX.4>
          <OBX.5>41</OBX.5>
          <OBX.6>
            <OBX.6.1>%</OBX.6.1>
            <OBX.6.2>percent</OBX.6.2>
            <OBX.6.3>UCUM</OBX.6.3>
            <OBX.6.7>1.9</OBX.6.7>
          </OBX.6>
          <OBX.7>40 to 52</OBX.7>
          <OBX.8>N</OBX.8>
          <OBX.11>F</OBX.11>
          <OBX.14>
            <OBX.14.1>201509251400</OBX.14.1>
          </OBX.14>
          <OBX.19>
            <OBX.19.1>201509251930</OBX.19.1>
          </OBX.19>
          <OBX.23>
            <OBX.23.1>Century Hospital</OBX.23.1>
            <OBX.23.6>
              <OBX.23.6.1>CLIA</OBX.23.6.1>
              <OBX.23.6.2>2.16.840.1.113883.4.7</OBX.23.6.2>
              <OBX.23.6.3>ISO</OBX.23.6.3>
            </OBX.23.6>
            <OBX.23.7>XX</OBX.23.7>
            <OBX.23.10>24D9871327</OBX.23.10>
          </OBX.23>
          <OBX.24>
            <OBX.24.1>
              <OBX.24.1.1>2070 Test Park</OBX.24.1.1>
            </OBX.24.1>
            <OBX.24.3>Los Angeles</OBX.24.3>
            <OBX.24.4>CA</OBX.24.4>
            <OBX.24.5>90067</OBX.24.5>
            <OBX.24.7>B</OBX.24.7>
          </OBX.24>
          <OBX.25>
            <OBX.25.1>5432178916</OBX.25.1>
            <OBX.25.2>
              <OBX.25.2.1>Knowsalot</OBX.25.2.1>
            </OBX.25.2>
            <OBX.25.3>Phil</OBX.25.3>
            <OBX.25.6>Dr.</OBX.25.6>
            <OBX.25.9>
              <OBX.25.9.2>2.16.840.1.113883.4.6</OBX.25.9.2>
              <OBX.25.9.3>ISO</OBX.25.9.3>
            </OBX.25.9>
            <OBX.25.10>L</OBX.25.10>
            <OBX.25.13>NPI</OBX.25.13>
          </OBX.25>
          <OBX.29>RSLT</OBX.29>
        </OBX>
      </ORU_R01.PATIENT_RESULT.ORDER_OBSERVATION.OBSERVATION>
      <ORU_R01.PATIENT_RESULT.ORDER_OBSERVATION.OBSERVATION>
        <OBX>
          <OBX.1>4</OBX.1>
          <OBX.2>NM</OBX.2>
          <OBX.3>
            <OBX.3.1>26464-8</OBX.3.1>
            <OBX.3.2>Leukocytes [#/volume] in Blood</OBX.3.2>
            <OBX.3.3>LN</OBX.3.3>
            <OBX.3.7>2.52</OBX.3.7>
            <OBX.3.9>Leukocytes [#/volume] in Blood</OBX.3.9>
          </OBX.3>
          <OBX.4>
            <OBX.4.2>1</OBX.4.2>
            <OBX.4.3>1</OBX.4.3>
          </OBX.4>
          <OBX.5>105600</OBX.5>
          <OBX.6>
            <OBX.6.1>{cells}/uL</OBX.6.1>
            <OBX.6.2>cells per microliter</OBX.6.2>
            <OBX.6.3>UCUM</OBX.6.3>
            <OBX.6.7>1.9</OBX.6.7>
          </OBX.6>
          <OBX.7>4300 to 10800</OBX.7>
          <OBX.8>HH</OBX.8>
          <OBX.11>F</OBX.11>
          <OBX.14>
            <OBX.14.1>201509251400</OBX.14.1>
          </OBX.14>
          <OBX.19>
            <OBX.19.1>201509251930</OBX.19.1>
          </OBX.19>
          <OBX.23>
            <OBX.23.1>Century Hospital</OBX.23.1>
            <OBX.23.6>
              <OBX.23.6.1>CLIA</OBX.23.6.1>
              <OBX.23.6.2>2.16.840.1.113883.4.7</OBX.23.6.2>
              <OBX.23.6.3>ISO</OBX.23.6.3>
            </OBX.23.6>
            <OBX.23.7>XX</OBX.23.7>
            <OBX.23.10>24D9871327</OBX.23.10>
          </OBX.23>
          <OBX.24>
            <OBX.24.1>
              <OBX.24.1.1>2070 Test Park</OBX.24.1.1>
            </OBX.24.1>
            <OBX.24.3>Los Angeles</OBX.24.3>
            <OBX.24.4>CA</OBX.24.4>
            <OBX.24.5>90067</OBX.24.5>
            <OBX.24.7>B</OBX.24.7>
          </OBX.24>
          <OBX.25>
            <OBX.25.1>5432178916</OBX.25.1>
            <OBX.25.2>
              <OBX.25.2.1>Knowsalot</OBX.25.2.1>
            </OBX.25.2>
            <OBX.25.3>Phil</OBX.25.3>
            <OBX.25.6>Dr.</OBX.25.6>
            <OBX.25.9>
              <OBX.25.9.2>2.16.840.1.113883.4.6</OBX.25.9.2>
              <OBX.25.9.3>ISO</OBX.25.9.3>
            </OBX.25.9>
            <OBX.25.10>L</OBX.25.10>
            <OBX.25.13>NPI</OBX.25.13>
          </OBX.25>
          <OBX.29>RSLT</OBX.29>
        </OBX>
      </ORU_R01.PATIENT_RESULT.ORDER_OBSERVATION.OBSERVATION>
      <ORU_R01.PATIENT_RESULT.ORDER_OBSERVATION.OBSERVATION>
        <OBX>
          <OBX.1>5</OBX.1>
          <OBX.2>NM</OBX.2>
          <OBX.3>
            <OBX.3.1>26515-7</OBX.3.1>
            <OBX.3.2>Platelets [#/volume] in Blood</OBX.3.2>
            <OBX.3.3>LN</OBX.3.3>
            <OBX.3.7>2.52</OBX.3.7>
            <OBX.3.9>Platelets [#/volume] in Blood</OBX.3.9>
          </OBX.3>
          <OBX.4>
            <OBX.4.2>1</OBX.4.2>
            <OBX.4.3>1</OBX.4.3>
          </OBX.4>
          <OBX.5>210000</OBX.5>
          <OBX.6>
            <OBX.6.1>{cells}/uL</OBX.6.1>
            <OBX.6.2>cells per microliter</OBX.6.2>
            <OBX.6.3>UCUM</OBX.6.3>
            <OBX.6.7>1.9</OBX.6.7>
          </OBX.6>
          <OBX.7>150000 to 350000</OBX.7>
          <OBX.8>N</OBX.8>
          <OBX.11>F</OBX.11>
          <OBX.14>
            <OBX.14.1>201509251400</OBX.14.1>
          </OBX.14>
          <OBX.19>
            <OBX.19.1>201509251930</OBX.19.1>
          </OBX.19>
          <OBX.23>
            <OBX.23.1>Century Hospital</OBX.23.1>
            <OBX.23.6>
              <OBX.23.6.1>CLIA</OBX.23.6.1>
              <OBX.23.6.2>2.16.840.1.113883.4.7</OBX.23.6.2>
              <OBX.23.6.3>ISO</OBX.23.6.3>
            </OBX.23.6>
            <OBX.23.7>XX</OBX.23.7>
            <OBX.23.10>24D9871327</OBX.23.10>
          </OBX.23>
          <OBX.24>
            <OBX.24.1>
              <OBX.24.1.1>2070 Test Park</OBX.24.1.1>
            </OBX.24.1>
            <OBX.24.3>Los Angeles</OBX.24.3>
            <OBX.24.4>CA</OBX.24.4>
            <OBX.24.5>90067</OBX.24.5>
            <OBX.24.7>B</OBX.24.7>
          </OBX.24>
          <OBX.25>
            <OBX.25.1>5432178916</OBX.25.1>
            <OBX.25.2>
              <OBX.25.2.1>Knowsalot</OBX.25.2.1>
            </OBX.25.2>
            <OBX.25.3>Phil</OBX.25.3>
            <OBX.25.6>Dr.</OBX.25.6>
            <OBX.25.9>
              <OBX.25.9.2>2.16.840.1.113883.4.6</OBX.25.9.2>
              <OBX.25.9.3>ISO</OBX.25.9.3>
            </OBX.25.9>
            <OBX.25.10>L</OBX.25.10>
            <OBX.25.13>NPI</OBX.25.13>
          </OBX.25>
          <OBX.29>RSLT</OBX.29>
        </OBX>
      </ORU_R01.PATIENT_RESULT.ORDER_OBSERVATION.OBSERVATION>
      <ORU_R01.PATIENT_RESULT.ORDER_OBSERVATION.OBSERVATION>
        <OBX>
          <OBX.1>6</OBX.1>
          <OBX.2>NM</OBX.2>
          <OBX.3>
            <OBX.3.1>30428-7</OBX.3.1>
            <OBX.3.2>Erythrocyte mean corpuscular volume [Entitic volume]</OBX.3.2>
            <OBX.3.3>LN</OBX.3.3>
            <OBX.3.7>2.52</OBX.3.7>
            <OBX.3.9>Erythrocyte mean corpuscular volume [Entitic volume]</OBX.3.9>
          </OBX.3>
          <OBX.4>
            <OBX.4.2>1</OBX.4.2>
            <OBX.4.3>1</OBX.4.3>
          </OBX.4>
          <OBX.5>91</OBX.5>
          <OBX.6>
            <OBX.6.1>fL</OBX.6.1>
            <OBX.6.2>femtoliter</OBX.6.2>
            <OBX.6.3>UCUM</OBX.6.3>
            <OBX.6.7>1.9</OBX.6.7>
          </OBX.6>
          <OBX.7>80 to 95</OBX.7>
          <OBX.8>N</OBX.8>
          <OBX.11>F</OBX.11>
          <OBX.14>
            <OBX.14.1>201509251400</OBX.14.1>
          </OBX.14>
          <OBX.19>
            <OBX.19.1>201509251930</OBX.19.1>
          </OBX.19>
          <OBX.23>
            <OBX.23.1>Century Hospital</OBX.23.1>
            <OBX.23.6>
              <OBX.23.6.1>CLIA</OBX.23.6.1>
              <OBX.23.6.2>2.16.840.1.113883.4.7</OBX.23.6.2>
              <OBX.23.6.3>ISO</OBX.23.6.3>
            </OBX.23.6>
            <OBX.23.7>XX</OBX.23.7>
            <OBX.23.10>24D9871327</OBX.23.10>
          </OBX.23>
          <OBX.24>
            <OBX.24.1>
              <OBX.24.1.1>2070 Test Park</OBX.24.1.1>
            </OBX.24.1>
            <OBX.24.3>Los Angeles</OBX.24.3>
            <OBX.24.4>CA</OBX.24.4>
            <OBX.24.5>90067</OBX.24.5>
            <OBX.24.7>B</OBX.24.7>
          </OBX.24>
          <OBX.25>
            <OBX.25.1>5432178916</OBX.25.1>
            <OBX.25.2>
              <OBX.25.2.1>Knowsalot</OBX.25.2.1>
            </OBX.25.2>
            <OBX.25.3>Phil</OBX.25.3>
            <OBX.25.6>Dr.</OBX.25.6>
            <OBX.25.9>
              <OBX.25.9.2>2.16.840.1.113883.4.6</OBX.25.9.2>
              <OBX.25.9.3>ISO</OBX.25.9.3>
            </OBX.25.9>
            <OBX.25.10>L</OBX.25.10>
            <OBX.25.13>NPI</OBX.25.13>
          </OBX.25>
          <OBX.29>RSLT</OBX.29>
        </OBX>
      </ORU_R01.PATIENT_RESULT.ORDER_OBSERVATION.OBSERVATION>
      <ORU_R01.PATIENT_RESULT.ORDER_OBSERVATION.OBSERVATION>
        <OBX>
          <OBX.1>7</OBX.1>
          <OBX.2>NM</OBX.2>
          <OBX.3>
            <OBX.3.1>28539-5</OBX.3.1>
            <OBX.3.2>Erythrocyte mean corpuscular hemoglobin [Entitic mass]</OBX.3.2>
            <OBX.3.3>LN</OBX.3.3>
            <OBX.3.7>2.52</OBX.3.7>
            <OBX.3.9>Erythrocyte mean corpuscular hemoglobin [Entitic mass]</OBX.3.9>
          </OBX.3>
          <OBX.4>
            <OBX.4.2>1</OBX.4.2>
            <OBX.4.3>1</OBX.4.3>
          </OBX.4>
          <OBX.5>29</OBX.5>
          <OBX.6>
            <OBX.6.1>pg/{cell}</OBX.6.1>
            <OBX.6.2>picograms per cell</OBX.6.2>
            <OBX.6.3>UCUM</OBX.6.3>
            <OBX.6.7>1.9</OBX.6.7>
          </OBX.6>
          <OBX.7>27 to 31</OBX.7>
          <OBX.8>N</OBX.8>
          <OBX.11>F</OBX.11>
          <OBX.14>
            <OBX.14.1>201509251400</OBX.14.1>
          </OBX.14>
          <OBX.19>
            <OBX.19.1>201509251930</OBX.19.1>
          </OBX.19>
          <OBX.23>
            <OBX.23.1>Century Hospital</OBX.23.1>
            <OBX.23.6>
              <OBX.23.6.1>CLIA</OBX.23.6.1>
              <OBX.23.6.2>2.16.840.1.113883.4.7</OBX.23.6.2>
              <OBX.23.6.3>ISO</OBX.23.6.3>
            </OBX.23.6>
            <OBX.23.7>XX</OBX.23.7>
            <OBX.23.10>24D9871327</OBX.23.10>
          </OBX.23>
          <OBX.24>
            <OBX.24.1>
              <OBX.24.1.1>2070 Test Park</OBX.24.1.1>
            </OBX.24.1>
            <OBX.24.3>Los Angeles</OBX.24.3>
            <OBX.24.4>CA</OBX.24.4>
            <OBX.24.5>90067</OBX.24.5>
            <OBX.24.7>B</OBX.24.7>
          </OBX.24>
          <OBX.25>
            <OBX.25.1>5432178916</OBX.25.1>
            <OBX.25.2>
              <OBX.25.2.1>Knowsalot</OBX.25.2.1>
            </OBX.25.2>
            <OBX.25.3>Phil</OBX.25.3>
            <OBX.25.6>Dr.</OBX.25.6>
            <OBX.25.9>
              <OBX.25.9.2>2.16.840.1.113883.4.6</OBX.25.9.2>
              <OBX.25.9.3>ISO</OBX.25.9.3>
            </OBX.25.9>
            <OBX.25.10>L</OBX.25.10>
            <OBX.25.13>NPI</OBX.25.13>
          </OBX.25>
          <OBX.29>RSLT</OBX.29>
        </OBX>
      </ORU_R01.PATIENT_RESULT.ORDER_OBSERVATION.OBSERVATION>
      <ORU_R01.PATIENT_RESULT.ORDER_OBSERVATION.OBSERVATION>
        <OBX>
          <OBX.1>8</OBX.1>
          <OBX.2>NM</OBX.2>
          <OBX.3>
            <OBX.3.1>28540-3</OBX.3.1>
            <OBX.3.2>Erythrocyte mean corpuscular hemoglobin concentration [Mass/volume]</OBX.3.2>
            <OBX.3.3>LN</OBX.3.3>
            <OBX.3.7>2.52</OBX.3.7>
            <OBX.3.9>Erythrocyte mean corpuscular hemoglobin concentration [Mass/volume]</OBX.3.9>
          </OBX.3>
          <OBX.4>
            <OBX.4.2>1</OBX.4.2>
            <OBX.4.3>1</OBX.4.3>
          </OBX.4>
          <OBX.5>32.4</OBX.5>
          <OBX.6>
            <OBX.6.1>g/dL</OBX.6.1>
            <OBX.6.2>grams per deciliter</OBX.6.2>
            <OBX.6.3>UCUM</OBX.6.3>
            <OBX.6.7>1.9</OBX.6.7>
          </OBX.6>
          <OBX.7>32 to 36</OBX.7>
          <OBX.8>N</OBX.8>
          <OBX.11>F</OBX.11>
          <OBX.14>
            <OBX.14.1>201509251400</OBX.14.1>
          </OBX.14>
          <OBX.19>
            <OBX.19.1>201509251930</OBX.19.1>
          </OBX.19>
          <OBX.23>
            <OBX.23.1>Century Hospital</OBX.23.1>
            <OBX.23.6>
              <OBX.23.6.1>CLIA</OBX.23.6.1>
              <OBX.23.6.2>2.16.840.1.113883.4.7</OBX.23.6.2>
              <OBX.23.6.3>ISO</OBX.23.6.3>
            </OBX.23.6>
            <OBX.23.7>XX</OBX.23.7>
            <OBX.23.10>24D9871327</OBX.23.10>
          </OBX.23>
          <OBX.24>
            <OBX.24.1>
              <OBX.24.1.1>2070 Test Park</OBX.24.1.1>
            </OBX.24.1>
            <OBX.24.3>Los Angeles</OBX.24.3>
            <OBX.24.4>CA</OBX.24.4>
            <OBX.24.5>90067</OBX.24.5>
            <OBX.24.7>B</OBX.24.7>
          </OBX.24>
          <OBX.25>
            <OBX.25.1>5432178916</OBX.25.1>
            <OBX.25.2>
              <OBX.25.2.1>Knowsalot</OBX.25.2.1>
            </OBX.25.2>
            <OBX.25.3>Phil</OBX.25.3>
            <OBX.25.6>Dr.</OBX.25.6>
            <OBX.25.9>
              <OBX.25.9.2>2.16.840.1.113883.4.6</OBX.25.9.2>
              <OBX.25.9.3>ISO</OBX.25.9.3>
            </OBX.25.9>
            <OBX.25.10>L</OBX.25.10>
            <OBX.25.13>NPI</OBX.25.13>
          </OBX.25>
          <OBX.29>RSLT</OBX.29>
        </OBX>
      </ORU_R01.PATIENT_RESULT.ORDER_OBSERVATION.OBSERVATION>
      <ORU_R01.PATIENT_RESULT.ORDER_OBSERVATION.OBSERVATION>
        <OBX>
          <OBX.1>9</OBX.1>
          <OBX.2>NM</OBX.2>
          <OBX.3>
            <OBX.3.1>30385-9</OBX.3.1>
            <OBX.3.2>Erythrocyte distribution width [Ratio]</OBX.3.2>
            <OBX.3.3>LN</OBX.3.3>
            <OBX.3.7>2.52</OBX.3.7>
            <OBX.3.9>Erythrocyte distribution width [Ratio]</OBX.3.9>
          </OBX.3>
          <OBX.4>
            <OBX.4.2>1</OBX.4.2>
            <OBX.4.3>1</OBX.4.3>
          </OBX.4>
          <OBX.5>10.5</OBX.5>
          <OBX.6>
            <OBX.6.1>%</OBX.6.1>
            <OBX.6.2>percent</OBX.6.2>
            <OBX.6.3>UCUM</OBX.6.3>
            <OBX.6.7>1.9</OBX.6.7>
          </OBX.6>
          <OBX.7>10.2 to 14.5</OBX.7>
          <OBX.8>N</OBX.8>
          <OBX.11>F</OBX.11>
          <OBX.14>
            <OBX.14.1>201509251400</OBX.14.1>
          </OBX.14>
          <OBX.19>
            <OBX.19.1>201509251930</OBX.19.1>
          </OBX.19>
          <OBX.23>
            <OBX.23.1>Century Hospital</OBX.23.1>
            <OBX.23.6>
              <OBX.23.6.1>CLIA</OBX.23.6.1>
              <OBX.23.6.2>2.16.840.1.113883.4.7</OBX.23.6.2>
              <OBX.23.6.3>ISO</OBX.23.6.3>
            </OBX.23.6>
            <OBX.23.7>XX</OBX.23.7>
            <OBX.23.10>24D9871327</OBX.23.10>
          </OBX.23>
          <OBX.24>
            <OBX.24.1>
              <OBX.24.1.1>2070 Test Park</OBX.24.1.1>
            </OBX.24.1>
            <OBX.24.3>Los Angeles</OBX.24.3>
            <OBX.24.4>CA</OBX.24.4>
            <OBX.24.5>90067</OBX.24.5>
            <OBX.24.7>B</OBX.24.7>
          </OBX.24>
          <OBX.25>
            <OBX.25.1>5432178916</OBX.25.1>
            <OBX.25.2>
              <OBX.25.2.1>Knowsalot</OBX.25.2.1>
            </OBX.25.2>
            <OBX.25.3>Phil</OBX.25.3>
            <OBX.25.6>Dr.</OBX.25.6>
            <OBX.25.9>
              <OBX.25.9.2>2.16.840.1.113883.4.6</OBX.25.9.2>
              <OBX.25.9.3>ISO</OBX.25.9.3>
            </OBX.25.9>
            <OBX.25.10>L</OBX.25.10>
            <OBX.25.13>NPI</OBX.25.13>
          </OBX.25>
          <OBX.29>RSLT</OBX.29>
        </OBX>
      </ORU_R01.PATIENT_RESULT.ORDER_OBSERVATION.OBSERVATION>
      <ORU_R01.PATIENT_RESULT.ORDER_OBSERVATION.OBSERVATION>
        <OBX>
          <OBX.1>10</OBX.1>
          <OBX.2>NM</OBX.2>
          <OBX.3>
            <OBX.3.1>26444-0</OBX.3.1>
            <OBX.3.2>Basophils [#/volume] in Blood</OBX.3.2>
            <OBX.3.3>LN</OBX.3.3>
            <OBX.3.7>2.52</OBX.3.7>
            <OBX.3.9>Basophils [#/volume] in Blood</OBX.3.9>
          </OBX.3>
          <OBX.4>
            <OBX.4.2>1</OBX.4.2>
            <OBX.4.3>1</OBX.4.3>
          </OBX.4>
          <OBX.5>0.1</OBX.5>
          <OBX.6>
            <OBX.6.1>10*3/uL</OBX.6.1>
            <OBX.6.2>thousand per microliter</OBX.6.2>
            <OBX.6.3>UCUM</OBX.6.3>
            <OBX.6.7>1.9</OBX.6.7>
          </OBX.6>
          <OBX.7>0 to 0.3</OBX.7>
          <OBX.8>N</OBX.8>
          <OBX.11>F</OBX.11>
          <OBX.14>
            <OBX.14.1>201509251400</OBX.14.1>
          </OBX.14>
          <OBX.19>
            <OBX.19.1>201509251930</OBX.19.1>
          </OBX.19>
          <OBX.23>
            <OBX.23.1>Century Hospital</OBX.23.1>
            <OBX.23.6>
              <OBX.23.6.1>CLIA</OBX.23.6.1>
              <OBX.23.6.2>2.16.840.1.113883.4.7</OBX.23.6.2>
              <OBX.23.6.3>ISO</OBX.23.6.3>
            </OBX.23.6>
            <OBX.23.7>XX</OBX.23.7>
            <OBX.23.10>24D9871327</OBX.23.10>
          </OBX.23>
          <OBX.24>
            <OBX.24.1>
              <OBX.24.1.1>2070 Test Park</OBX.24.1.1>
            </OBX.24.1>
            <OBX.24.3>Los Angeles</OBX.24.3>
            <OBX.24.4>CA</OBX.24.4>
            <OBX.24.5>90067</OBX.24.5>
            <OBX.24.7>B</OBX.24.7>
          </OBX.24>
          <OBX.25>
            <OBX.25.1>5432178916</OBX.25.1>
            <OBX.25.2>
              <OBX.25.2.1>Knowsalot</OBX.25.2.1>
            </OBX.25.2>
            <OBX.25.3>Phil</OBX.25.3>
            <OBX.25.6>Dr.</OBX.25.6>
            <OBX.25.9>
              <OBX.25.9.2>2.16.840.1.113883.4.6</OBX.25.9.2>
              <OBX.25.9.3>ISO</OBX.25.9.3>
            </OBX.25.9>
            <OBX.25.10>L</OBX.25.10>
            <OBX.25.13>NPI</OBX.25.13>
          </OBX.25>
          <OBX.29>RSLT</OBX.29>
        </OBX>
      </ORU_R01.PATIENT_RESULT.ORDER_OBSERVATION.OBSERVATION>
      <ORU_R01.PATIENT_RESULT.ORDER_OBSERVATION.OBSERVATION>
        <OBX>
          <OBX.1>11</OBX.1>
          <OBX.2>NM</OBX.2>
          <OBX.3>
            <OBX.3.1>30180-4</OBX.3.1>
            <OBX.3.2>Basophils/100 leukocytes in Blood</OBX.3.2>
            <OBX.3.3>LN</OBX.3.3>
            <OBX.3.7>2.52</OBX.3.7>
            <OBX.3.9>Basophils/100 leukocytes in Blood</OBX.3.9>
          </OBX.3>
          <OBX.4>
            <OBX.4.2>1</OBX.4.2>
            <OBX.4.3>1</OBX.4.3>
          </OBX.4>
          <OBX.5>0.1</OBX.5>
          <OBX.6>
            <OBX.6.1>%</OBX.6.1>
            <OBX.6.2>percent</OBX.6.2>
            <OBX.6.3>UCUM</OBX.6.3>
            <OBX.6.7>1.9</OBX.6.7>
          </OBX.6>
          <OBX.7>0 to 2</OBX.7>
          <OBX.8>N</OBX.8>
          <OBX.11>F</OBX.11>
          <OBX.14>
            <OBX.14.1>201509251400</OBX.14.1>
          </OBX.14>
          <OBX.19>
            <OBX.19.1>201509251930</OBX.19.1>
          </OBX.19>
          <OBX.23>
            <OBX.23.1>Century Hospital</OBX.23.1>
            <OBX.23.6>
              <OBX.23.6.1>CLIA</OBX.23.6.1>
              <OBX.23.6.2>2.16.840.1.113883.4.7</OBX.23.6.2>
              <OBX.23.6.3>ISO</OBX.23.6.3>
            </OBX.23.6>
            <OBX.23.7>XX</OBX.23.7>
            <OBX.23.10>24D9871327</OBX.23.10>
          </OBX.23>
          <OBX.24>
            <OBX.24.1>
              <OBX.24.1.1>2070 Test Park</OBX.24.1.1>
            </OBX.24.1>
            <OBX.24.3>Los Angeles</OBX.24.3>
            <OBX.24.4>CA</OBX.24.4>
            <OBX.24.5>90067</OBX.24.5>
            <OBX.24.7>B</OBX.24.7>
          </OBX.24>
          <OBX.25>
            <OBX.25.1>5432178916</OBX.25.1>
            <OBX.25.2>
              <OBX.25.2.1>Knowsalot</OBX.25.2.1>
            </OBX.25.2>
            <OBX.25.3>Phil</OBX.25.3>
            <OBX.25.6>Dr.</OBX.25.6>
            <OBX.25.9>
              <OBX.25.9.2>2.16.840.1.113883.4.6</OBX.25.9.2>
              <OBX.25.9.3>ISO</OBX.25.9.3>
            </OBX.25.9>
            <OBX.25.10>L</OBX.25.10>
            <OBX.25.13>NPI</OBX.25.13>
          </OBX.25>
          <OBX.29>RSLT</OBX.29>
        </OBX>
      </ORU_R01.PATIENT_RESULT.ORDER_OBSERVATION.OBSERVATION>
      <ORU_R01.PATIENT_RESULT.ORDER_OBSERVATION.OBSERVATION>
        <OBX>
          <OBX.1>12</OBX.1>
          <OBX.2>NM</OBX.2>
          <OBX.3>
            <OBX.3.1>26484-6</OBX.3.1>
            <OBX.3.2>Monocytes [#/volume] in Blood</OBX.3.2>
            <OBX.3.3>LN</OBX.3.3>
            <OBX.3.7>2.52</OBX.3.7>
            <OBX.3.9>Monocytes [#/volume] in Blood</OBX.3.9>
          </OBX.3>
          <OBX.4>
            <OBX.4.2>1</OBX.4.2>
            <OBX.4.3>1</OBX.4.3>
          </OBX.4>
          <OBX.5>3</OBX.5>
          <OBX.6>
            <OBX.6.1>10*3/uL</OBX.6.1>
            <OBX.6.2>thousand per microliter</OBX.6.2>
            <OBX.6.3>UCUM</OBX.6.3>
            <OBX.6.7>1.9</OBX.6.7>
          </OBX.6>
          <OBX.7>0.0 to 13.0</OBX.7>
          <OBX.8>N</OBX.8>
          <OBX.11>F</OBX.11>
          <OBX.14>
            <OBX.14.1>201509251400</OBX.14.1>
          </OBX.14>
          <OBX.19>
            <OBX.19.1>201509251930</OBX.19.1>
          </OBX.19>
          <OBX.23>
            <OBX.23.1>Century Hospital</OBX.23.1>
            <OBX.23.6>
              <OBX.23.6.1>CLIA</OBX.23.6.1>
              <OBX.23.6.2>2.16.840.1.113883.4.7</OBX.23.6.2>
              <OBX.23.6.3>ISO</OBX.23.6.3>
            </OBX.23.6>
            <OBX.23.7>XX</OBX.23.7>
            <OBX.23.10>24D9871327</OBX.23.10>
          </OBX.23>
          <OBX.24>
            <OBX.24.1>
              <OBX.24.1.1>2070 Test Park</OBX.24.1.1>
            </OBX.24.1>
            <OBX.24.3>Los Angeles</OBX.24.3>
            <OBX.24.4>CA</OBX.24.4>
            <OBX.24.5>90067</OBX.24.5>
            <OBX.24.7>B</OBX.24.7>
          </OBX.24>
          <OBX.25>
            <OBX.25.1>5432178916</OBX.25.1>
            <OBX.25.2>
              <OBX.25.2.1>Knowsalot</OBX.25.2.1>
            </OBX.25.2>
            <OBX.25.3>Phil</OBX.25.3>
            <OBX.25.6>Dr.</OBX.25.6>
            <OBX.25.9>
              <OBX.25.9.2>2.16.840.1.113883.4.6</OBX.25.9.2>
              <OBX.25.9.3>ISO</OBX.25.9.3>
            </OBX.25.9>
            <OBX.25.10>L</OBX.25.10>
            <OBX.25.13>NPI</OBX.25.13>
          </OBX.25>
          <OBX.29>RSLT</OBX.29>
        </OBX>
      </ORU_R01.PATIENT_RESULT.ORDER_OBSERVATION.OBSERVATION>
      <ORU_R01.PATIENT_RESULT.ORDER_OBSERVATION.OBSERVATION>
        <OBX>
          <OBX.1>13</OBX.1>
          <OBX.2>NM</OBX.2>
          <OBX.3>
            <OBX.3.1>26485-3</OBX.3.1>
            <OBX.3.2>Monocytes/100 leukocytes in Blood</OBX.3.2>
            <OBX.3.3>LN</OBX.3.3>
            <OBX.3.7>2.52</OBX.3.7>
            <OBX.3.9>Monocytes/100 leukocytes in Blood</OBX.3.9>
          </OBX.3>
          <OBX.4>
            <OBX.4.2>1</OBX.4.2>
            <OBX.4.3>1</OBX.4.3>
          </OBX.4>
          <OBX.5>3</OBX.5>
          <OBX.6>
            <OBX.6.1>%</OBX.6.1>
            <OBX.6.2>percent</OBX.6.2>
            <OBX.6.3>UCUM</OBX.6.3>
            <OBX.6.7>1.9</OBX.6.7>
          </OBX.6>
          <OBX.7>0 to 10</OBX.7>
          <OBX.8>N</OBX.8>
          <OBX.11>F</OBX.11>
          <OBX.14>
            <OBX.14.1>201509251400</OBX.14.1>
          </OBX.14>
          <OBX.19>
            <OBX.19.1>201509251930</OBX.19.1>
          </OBX.19>
          <OBX.23>
            <OBX.23.1>Century Hospital</OBX.23.1>
            <OBX.23.6>
              <OBX.23.6.1>CLIA</OBX.23.6.1>
              <OBX.23.6.2>2.16.840.1.113883.4.7</OBX.23.6.2>
              <OBX.23.6.3>ISO</OBX.23.6.3>
            </OBX.23.6>
            <OBX.23.7>XX</OBX.23.7>
            <OBX.23.10>24D9871327</OBX.23.10>
          </OBX.23>
          <OBX.24>
            <OBX.24.1>
              <OBX.24.1.1>2070 Test Park</OBX.24.1.1>
            </OBX.24.1>
            <OBX.24.3>Los Angeles</OBX.24.3>
            <OBX.24.4>CA</OBX.24.4>
            <OBX.24.5>90067</OBX.24.5>
            <OBX.24.7>B</OBX.24.7>
          </OBX.24>
          <OBX.25>
            <OBX.25.1>5432178916</OBX.25.1>
            <OBX.25.2>
              <OBX.25.2.1>Knowsalot</OBX.25.2.1>
            </OBX.25.2>
            <OBX.25.3>Phil</OBX.25.3>
            <OBX.25.6>Dr.</OBX.25.6>
            <OBX.25.9>
              <OBX.25.9.2>2.16.840.1.113883.4.6</OBX.25.9.2>
              <OBX.25.9.3>ISO</OBX.25.9.3>
            </OBX.25.9>
            <OBX.25.10>L</OBX.25.10>
            <OBX.25.13>NPI</OBX.25.13>
          </OBX.25>
          <OBX.29>RSLT</OBX.29>
        </OBX>
      </ORU_R01.PATIENT_RESULT.ORDER_OBSERVATION.OBSERVATION>
      <ORU_R01.PATIENT_RESULT.ORDER_OBSERVATION.OBSERVATION>
        <OBX>
          <OBX.1>14</OBX.1>
          <OBX.2>NM</OBX.2>
          <OBX.3>
            <OBX.3.1>26449-9</OBX.3.1>
            <OBX.3.2>Eosinophils [#/volume] in Blood</OBX.3.2>
            <OBX.3.3>LN</OBX.3.3>
            <OBX.3.7>2.52</OBX.3.7>
            <OBX.3.9>Eosinophils [#/volume] in Blood</OBX.3.9>
          </OBX.3>
          <OBX.4>
            <OBX.4.2>1</OBX.4.2>
            <OBX.4.3>1</OBX.4.3>
          </OBX.4>
          <OBX.5>2.1</OBX.5>
          <OBX.6>
            <OBX.6.1>10*3/uL</OBX.6.1>
            <OBX.6.2>thousand per microliter</OBX.6.2>
            <OBX.6.3>UCUM</OBX.6.3>
            <OBX.6.7>1.9</OBX.6.7>
          </OBX.6>
          <OBX.7>0.0 to 0.45</OBX.7>
          <OBX.8>HH</OBX.8>
          <OBX.11>F</OBX.11>
          <OBX.14>
            <OBX.14.1>201509251400</OBX.14.1>
          </OBX.14>
          <OBX.19>
            <OBX.19.1>201509251930</OBX.19.1>
          </OBX.19>
          <OBX.23>
            <OBX.23.1>Century Hospital</OBX.23.1>
            <OBX.23.6>
              <OBX.23.6.1>CLIA</OBX.23.6.1>
              <OBX.23.6.2>2.16.840.1.113883.4.7</OBX.23.6.2>
              <OBX.23.6.3>ISO</OBX.23.6.3>
            </OBX.23.6>
            <OBX.23.7>XX</OBX.23.7>
            <OBX.23.10>24D9871327</OBX.23.10>
          </OBX.23>
          <OBX.24>
            <OBX.24.1>
              <OBX.24.1.1>2070 Test Park</OBX.24.1.1>
            </OBX.24.1>
            <OBX.24.3>Los Angeles</OBX.24.3>
            <OBX.24.4>CA</OBX.24.4>
            <OBX.24.5>90067</OBX.24.5>
            <OBX.24.7>B</OBX.24.7>
          </OBX.24>
          <OBX.25>
            <OBX.25.1>5432178916</OBX.25.1>
            <OBX.25.2>
              <OBX.25.2.1>Knowsalot</OBX.25.2.1>
            </OBX.25.2>
            <OBX.25.3>Phil</OBX.25.3>
            <OBX.25.6>Dr.</OBX.25.6>
            <OBX.25.9>
              <OBX.25.9.2>2.16.840.1.113883.4.6</OBX.25.9.2>
              <OBX.25.9.3>ISO</OBX.25.9.3>
            </OBX.25.9>
            <OBX.25.10>L</OBX.25.10>
            <OBX.25.13>NPI</OBX.25.13>
          </OBX.25>
          <OBX.29>RSLT</OBX.29>
        </OBX>
      </ORU_R01.PATIENT_RESULT.ORDER_OBSERVATION.OBSERVATION>
      <ORU_R01.PATIENT_RESULT.ORDER_OBSERVATION.OBSERVATION>
        <OBX>
          <OBX.1>15</OBX.1>
          <OBX.2>NM</OBX.2>
          <OBX.3>
            <OBX.3.1>26450-7</OBX.3.1>
            <OBX.3.2>Eosinophils/100 leukocytes in Blood</OBX.3.2>
            <OBX.3.3>LN</OBX.3.3>
            <OBX.3.7>2.52</OBX.3.7>
            <OBX.3.9>Eosinophils/100 leukocytes in Blood</OBX.3.9>
          </OBX.3>
          <OBX.4>
            <OBX.4.2>1</OBX.4.2>
            <OBX.4.3>1</OBX.4.3>
          </OBX.4>
          <OBX.5>2</OBX.5>
          <OBX.6>
            <OBX.6.1>%</OBX.6.1>
            <OBX.6.2>percent</OBX.6.2>
            <OBX.6.3>UCUM</OBX.6.3>
            <OBX.6.7>1.9</OBX.6.7>
          </OBX.6>
          <OBX.7>0 to 6</OBX.7>
          <OBX.8>N</OBX.8>
          <OBX.11>F</OBX.11>
          <OBX.14>
            <OBX.14.1>201509251400</OBX.14.1>
          </OBX.14>
          <OBX.19>
            <OBX.19.1>201509251930</OBX.19.1>
          </OBX.19>
          <OBX.23>
            <OBX.23.1>Century Hospital</OBX.23.1>
            <OBX.23.6>
              <OBX.23.6.1>CLIA</OBX.23.6.1>
              <OBX.23.6.2>2.16.840.1.113883.4.7</OBX.23.6.2>
              <OBX.23.6.3>ISO</OBX.23.6.3>
            </OBX.23.6>
            <OBX.23.7>XX</OBX.23.7>
            <OBX.23.10>24D9871327</OBX.23.10>
          </OBX.23>
          <OBX.24>
            <OBX.24.1>
              <OBX.24.1.1>2070 Test Park</OBX.24.1.1>
            </OBX.24.1>
            <OBX.24.3>Los Angeles</OBX.24.3>
            <OBX.24.4>CA</OBX.24.4>
            <OBX.24.5>90067</OBX.24.5>
            <OBX.24.7>B</OBX.24.7>
          </OBX.24>
          <OBX.25>
            <OBX.25.1>5432178916</OBX.25.1>
            <OBX.25.2>
              <OBX.25.2.1>Knowsalot</OBX.25.2.1>
            </OBX.25.2>
            <OBX.25.3>Phil</OBX.25.3>
            <OBX.25.6>Dr.</OBX.25.6>
            <OBX.25.9>
              <OBX.25.9.2>2.16.840.1.113883.4.6</OBX.25.9.2>
              <OBX.25.9.3>ISO</OBX.25.9.3>
            </OBX.25.9>
            <OBX.25.10>L</OBX.25.10>
            <OBX.25.13>NPI</OBX.25.13>
          </OBX.25>
          <OBX.29>RSLT</OBX.29>
        </OBX>
      </ORU_R01.PATIENT_RESULT.ORDER_OBSERVATION.OBSERVATION>
      <ORU_R01.PATIENT_RESULT.ORDER_OBSERVATION.OBSERVATION>
        <OBX>
          <OBX.1>16</OBX.1>
          <OBX.2>NM</OBX.2>
          <OBX.3>
            <OBX.3.1>26474-7</OBX.3.1>
            <OBX.3.2>Lymphocytes [#/volume] in Blood</OBX.3.2>
            <OBX.3.3>LN</OBX.3.3>
            <OBX.3.7>2.52</OBX.3.7>
            <OBX.3.9>Lymphocytes [#/volume] in Blood</OBX.3.9>
          </OBX.3>
          <OBX.4>
            <OBX.4.2>1</OBX.4.2>
            <OBX.4.3>1</OBX.4.3>
          </OBX.4>
          <OBX.5>41.2</OBX.5>
          <OBX.6>
            <OBX.6.1>10*3/uL</OBX.6.1>
            <OBX.6.2>thousand per microliter</OBX.6.2>
            <OBX.6.3>UCUM</OBX.6.3>
            <OBX.6.7>1.9</OBX.6.7>
          </OBX.6>
          <OBX.7>1.0 to 4.8</OBX.7>
          <OBX.8>HH</OBX.8>
          <OBX.11>F</OBX.11>
          <OBX.14>
            <OBX.14.1>201509251400</OBX.14.1>
          </OBX.14>
          <OBX.19>
            <OBX.19.1>201509251930</OBX.19.1>
          </OBX.19>
          <OBX.23>
            <OBX.23.1>Century Hospital</OBX.23.1>
            <OBX.23.6>
              <OBX.23.6.1>CLIA</OBX.23.6.1>
              <OBX.23.6.2>2.16.840.1.113883.4.7</OBX.23.6.2>
              <OBX.23.6.3>ISO</OBX.23.6.3>
            </OBX.23.6>
            <OBX.23.7>XX</OBX.23.7>
            <OBX.23.10>24D9871327</OBX.23.10>
          </OBX.23>
          <OBX.24>
            <OBX.24.1>
              <OBX.24.1.1>2070 Test Park</OBX.24.1.1>
            </OBX.24.1>
            <OBX.24.3>Los Angeles</OBX.24.3>
            <OBX.24.4>CA</OBX.24.4>
            <OBX.24.5>90067</OBX.24.5>
            <OBX.24.7>B</OBX.24.7>
          </OBX.24>
          <OBX.25>
            <OBX.25.1>5432178916</OBX.25.1>
            <OBX.25.2>
              <OBX.25.2.1>Knowsalot</OBX.25.2.1>
            </OBX.25.2>
            <OBX.25.3>Phil</OBX.25.3>
            <OBX.25.6>Dr.</OBX.25.6>
            <OBX.25.9>
              <OBX.25.9.2>2.16.840.1.113883.4.6</OBX.25.9.2>
              <OBX.25.9.3>ISO</OBX.25.9.3>
            </OBX.25.9>
            <OBX.25.10>L</OBX.25.10>
            <OBX.25.13>NPI</OBX.25.13>
          </OBX.25>
          <OBX.29>RSLT</OBX.29>
        </OBX>
      </ORU_R01.PATIENT_RESULT.ORDER_OBSERVATION.OBSERVATION>
      <ORU_R01.PATIENT_RESULT.ORDER_OBSERVATION.OBSERVATION>
        <OBX>
          <OBX.1>17</OBX.1>
          <OBX.2>NM</OBX.2>
          <OBX.3>
            <OBX.3.1>26478-8</OBX.3.1>
            <OBX.3.2>Lymphocytes/100 leukocytes in Blood</OBX.3.2>
            <OBX.3.3>LN</OBX.3.3>
            <OBX.3.7>2.52</OBX.3.7>
            <OBX.3.9>Lymphocytes/100 leukocytes in Blood</OBX.3.9>
          </OBX.3>
          <OBX.4>
            <OBX.4.2>1</OBX.4.2>
            <OBX.4.3>1</OBX.4.3>
          </OBX.4>
          <OBX.5>39</OBX.5>
          <OBX.6>
            <OBX.6.1>%</OBX.6.1>
            <OBX.6.2>percent</OBX.6.2>
            <OBX.6.3>UCUM</OBX.6.3>
            <OBX.6.7>1.9</OBX.6.7>
          </OBX.6>
          <OBX.7>15.0 to 45.0</OBX.7>
          <OBX.8>N</OBX.8>
          <OBX.11>F</OBX.11>
          <OBX.14>
            <OBX.14.1>201509251400</OBX.14.1>
          </OBX.14>
          <OBX.19>
            <OBX.19.1>201509251930</OBX.19.1>
          </OBX.19>
          <OBX.23>
            <OBX.23.1>Century Hospital</OBX.23.1>
            <OBX.23.6>
              <OBX.23.6.1>CLIA</OBX.23.6.1>
              <OBX.23.6.2>2.16.840.1.113883.4.7</OBX.23.6.2>
              <OBX.23.6.3>ISO</OBX.23.6.3>
            </OBX.23.6>
            <OBX.23.7>XX</OBX.23.7>
            <OBX.23.10>24D9871327</OBX.23.10>
          </OBX.23>
          <OBX.24>
            <OBX.24.1>
              <OBX.24.1.1>2070 Test Park</OBX.24.1.1>
            </OBX.24.1>
            <OBX.24.3>Los Angeles</OBX.24.3>
            <OBX.24.4>CA</OBX.24.4>
            <OBX.24.5>90067</OBX.24.5>
            <OBX.24.7>B</OBX.24.7>
          </OBX.24>
          <OBX.25>
            <OBX.25.1>5432178916</OBX.25.1>
            <OBX.25.2>
              <OBX.25.2.1>Knowsalot</OBX.25.2.1>
            </OBX.25.2>
            <OBX.25.3>Phil</OBX.25.3>
            <OBX.25.6>Dr.</OBX.25.6>
            <OBX.25.9>
              <OBX.25.9.2>2.16.840.1.113883.4.6</OBX.25.9.2>
              <OBX.25.9.3>ISO</OBX.25.9.3>
            </OBX.25.9>
            <OBX.25.10>L</OBX.25.10>
            <OBX.25.13>NPI</OBX.25.13>
          </OBX.25>
          <OBX.29>RSLT</OBX.29>
        </OBX>
      </ORU_R01.PATIENT_RESULT.ORDER_OBSERVATION.OBSERVATION>
      <ORU_R01.PATIENT_RESULT.ORDER_OBSERVATION.OBSERVATION>
        <OBX>
          <OBX.1>18</OBX.1>
          <OBX.2>NM</OBX.2>
          <OBX.3>
            <OBX.3.1>26499-4</OBX.3.1>
            <OBX.3.2>Neutrophils [#/volume] in Blood</OBX.3.2>
            <OBX.3.3>LN</OBX.3.3>
            <OBX.3.7>2.52</OBX.3.7>
            <OBX.3.9>Neutrophils [#/volume] in Blood</OBX.3.9>
          </OBX.3>
          <OBX.4>
            <OBX.4.2>1</OBX.4.2>
            <OBX.4.3>1</OBX.4.3>
          </OBX.4>
          <OBX.5>58</OBX.5>
          <OBX.6>
            <OBX.6.1>10*3/uL</OBX.6.1>
            <OBX.6.2>thousand per microliter</OBX.6.2>
            <OBX.6.3>UCUM</OBX.6.3>
            <OBX.6.7>1.9</OBX.6.7>
          </OBX.6>
          <OBX.7>1.5 to 7.0</OBX.7>
          <OBX.8>HH</OBX.8>
          <OBX.11>F</OBX.11>
          <OBX.14>
            <OBX.14.1>201509251400</OBX.14.1>
          </OBX.14>
          <OBX.19>
            <OBX.19.1>201509251930</OBX.19.1>
          </OBX.19>
          <OBX.23>
            <OBX.23.1>Century Hospital</OBX.23.1>
            <OBX.23.6>
              <OBX.23.6.1>CLIA</OBX.23.6.1>
              <OBX.23.6.2>2.16.840.1.113883.4.7</OBX.23.6.2>
              <OBX.23.6.3>ISO</OBX.23.6.3>
            </OBX.23.6>
            <OBX.23.7>XX</OBX.23.7>
            <OBX.23.10>24D9871327</OBX.23.10>
          </OBX.23>
          <OBX.24>
            <OBX.24.1>
              <OBX.24.1.1>2070 Test Park</OBX.24.1.1>
            </OBX.24.1>
            <OBX.24.3>Los Angeles</OBX.24.3>
            <OBX.24.4>CA</OBX.24.4>
            <OBX.24.5>90067</OBX.24.5>
            <OBX.24.7>B</OBX.24.7>
          </OBX.24>
          <OBX.25>
            <OBX.25.1>5432178916</OBX.25.1>
            <OBX.25.2>
              <OBX.25.2.1>Knowsalot</OBX.25.2.1>
            </OBX.25.2>
            <OBX.25.3>Phil</OBX.25.3>
            <OBX.25.6>Dr.</OBX.25.6>
            <OBX.25.9>
              <OBX.25.9.2>2.16.840.1.113883.4.6</OBX.25.9.2>
              <OBX.25.9.3>ISO</OBX.25.9.3>
            </OBX.25.9>
            <OBX.25.10>L</OBX.25.10>
            <OBX.25.13>NPI</OBX.25.13>
          </OBX.25>
          <OBX.29>RSLT</OBX.29>
        </OBX>
      </ORU_R01.PATIENT_RESULT.ORDER_OBSERVATION.OBSERVATION>
      <ORU_R01.PATIENT_RESULT.ORDER_OBSERVATION.OBSERVATION>
        <OBX>
          <OBX.1>19</OBX.1>
          <OBX.2>NM</OBX.2>
          <OBX.3>
            <OBX.3.1>26511-6</OBX.3.1>
            <OBX.3.2>Neutrophils/100 leukocytes in Blood</OBX.3.2>
            <OBX.3.3>LN</OBX.3.3>
            <OBX.3.7>2.52</OBX.3.7>
            <OBX.3.9>Neutrophils/100 leukocytes in Blood</OBX.3.9>
          </OBX.3>
          <OBX.4>
            <OBX.4.2>1</OBX.4.2>
            <OBX.4.3>1</OBX.4.3>
          </OBX.4>
          <OBX.5>55</OBX.5>
          <OBX.6>
            <OBX.6.1>%</OBX.6.1>
            <OBX.6.2>percent</OBX.6.2>
            <OBX.6.3>UCUM</OBX.6.3>
            <OBX.6.7>1.9</OBX.6.7>
          </OBX.6>
          <OBX.7>50 to 73</OBX.7>
          <OBX.8>N</OBX.8>
          <OBX.11>F</OBX.11>
          <OBX.14>
            <OBX.14.1>201509251400</OBX.14.1>
          </OBX.14>
          <OBX.19>
            <OBX.19.1>201509251930</OBX.19.1>
          </OBX.19>
          <OBX.23>
            <OBX.23.1>Century Hospital</OBX.23.1>
            <OBX.23.6>
              <OBX.23.6.1>CLIA</OBX.23.6.1>
              <OBX.23.6.2>2.16.840.1.113883.4.7</OBX.23.6.2>
              <OBX.23.6.3>ISO</OBX.23.6.3>
            </OBX.23.6>
            <OBX.23.7>XX</OBX.23.7>
            <OBX.23.10>24D9871327</OBX.23.10>
          </OBX.23>
          <OBX.24>
            <OBX.24.1>
              <OBX.24.1.1>2070 Test Park</OBX.24.1.1>
            </OBX.24.1>
            <OBX.24.3>Los Angeles</OBX.24.3>
            <OBX.24.4>CA</OBX.24.4>
            <OBX.24.5>90067</OBX.24.5>
            <OBX.24.7>B</OBX.24.7>
          </OBX.24>
          <OBX.25>
            <OBX.25.1>5432178916</OBX.25.1>
            <OBX.25.2>
              <OBX.25.2.1>Knowsalot</OBX.25.2.1>
            </OBX.25.2>
            <OBX.25.3>Phil</OBX.25.3>
            <OBX.25.6>Dr.</OBX.25.6>
            <OBX.25.9>
              <OBX.25.9.2>2.16.840.1.113883.4.6</OBX.25.9.2>
              <OBX.25.9.3>ISO</OBX.25.9.3>
            </OBX.25.9>
            <OBX.25.10>L</OBX.25.10>
            <OBX.25.13>NPI</OBX.25.13>
          </OBX.25>
          <OBX.29>RSLT</OBX.29>
        </OBX>
      </ORU_R01.PATIENT_RESULT.ORDER_OBSERVATION.OBSERVATION>
      <ORU_R01.PATIENT_RESULT.ORDER_OBSERVATION.OBSERVATION>
        <OBX>
          <OBX.1>20</OBX.1>
          <OBX.2>CWE</OBX.2>
          <OBX.3>
            <OBX.3.1>38892-6</OBX.3.1>
            <OBX.3.2>Anisocytosis [Presence] in Blood</OBX.3.2>
            <OBX.3.3>LN</OBX.3.3>
            <OBX.3.7>2.52</OBX.3.7>
            <OBX.3.9>Anisocytosis [Presence] in Blood</OBX.3.9>
          </OBX.3>
          <OBX.4>
            <OBX.4.2>1</OBX.4.2>
            <OBX.4.3>1</OBX.4.3>
          </OBX.4>
          <OBX.5>
            <OBX.5.1>260348001</OBX.5.1>
            <OBX.5.2>Present ++ out of ++++</OBX.5.2>
            <OBX.5.3>SCT</OBX.5.3>
            <OBX.5.7>201509USEd</OBX.5.7>
            <OBX.5.9>Moderate Anisocytosis</OBX.5.9>
          </OBX.5>
          <OBX.8>A</OBX.8>
          <OBX.11>F</OBX.11>
          <OBX.14>
            <OBX.14.1>201509251400</OBX.14.1>
          </OBX.14>
          <OBX.19>
            <OBX.19.1>201509261400</OBX.19.1>
          </OBX.19>
          <OBX.23>
            <OBX.23.1>Century Hospital</OBX.23.1>
            <OBX.23.6>
              <OBX.23.6.1>CLIA</OBX.23.6.1>
              <OBX.23.6.2>2.16.840.1.113883.4.7</OBX.23.6.2>
              <OBX.23.6.3>ISO</OBX.23.6.3>
            </OBX.23.6>
            <OBX.23.7>XX</OBX.23.7>
            <OBX.23.10>24D9871327</OBX.23.10>
          </OBX.23>
          <OBX.24>
            <OBX.24.1>
              <OBX.24.1.1>2070 Test Park</OBX.24.1.1>
            </OBX.24.1>
            <OBX.24.3>Los Angeles</OBX.24.3>
            <OBX.24.4>CA</OBX.24.4>
            <OBX.24.5>90067</OBX.24.5>
            <OBX.24.7>B</OBX.24.7>
          </OBX.24>
          <OBX.25>
            <OBX.25.1>5432178916</OBX.25.1>
            <OBX.25.2>
              <OBX.25.2.1>Knowsalot</OBX.25.2.1>
            </OBX.25.2>
            <OBX.25.3>Phil</OBX.25.3>
            <OBX.25.6>Dr.</OBX.25.6>
            <OBX.25.9>
              <OBX.25.9.2>2.16.840.1.113883.4.6</OBX.25.9.2>
              <OBX.25.9.3>ISO</OBX.25.9.3>
            </OBX.25.9>
            <OBX.25.10>L</OBX.25.10>
            <OBX.25.13>NPI</OBX.25.13>
          </OBX.25>
          <OBX.29>RSLT</OBX.29>
        </OBX>
      </ORU_R01.PATIENT_RESULT.ORDER_OBSERVATION.OBSERVATION>
      <ORU_R01.PATIENT_RESULT.ORDER_OBSERVATION.OBSERVATION>
        <OBX>
          <OBX.1>21</OBX.1>
          <OBX.2>CWE</OBX.2>
          <OBX.3>
            <OBX.3.1>30400-6</OBX.3.1>
            <OBX.3.2>Hypochromia [Presence] in Blood</OBX.3.2>
            <OBX.3.3>LN</OBX.3.3>
            <OBX.3.7>2.52</OBX.3.7>
            <OBX.3.9>Hypochromia [Presence] in Blood</OBX.3.9>
          </OBX.3>
          <OBX.4>
            <OBX.4.2>1</OBX.4.2>
            <OBX.4.3>1</OBX.4.3>
          </OBX.4>
          <OBX.5>
            <OBX.5.1>260415000</OBX.5.1>
            <OBX.5.2>not detected</OBX.5.2>
            <OBX.5.3>SCT</OBX.5.3>
            <OBX.5.7>201509USEd</OBX.5.7>
            <OBX.5.9>None seen</OBX.5.9>
          </OBX.5>
          <OBX.8>N</OBX.8>
          <OBX.11>F</OBX.11>
          <OBX.14>
            <OBX.14.1>201509251400</OBX.14.1>
          </OBX.14>
          <OBX.19>
            <OBX.19.1>201509261400</OBX.19.1>
          </OBX.19>
          <OBX.23>
            <OBX.23.1>Century Hospital</OBX.23.1>
            <OBX.23.6>
              <OBX.23.6.1>CLIA</OBX.23.6.1>
              <OBX.23.6.2>2.16.840.1.113883.4.7</OBX.23.6.2>
              <OBX.23.6.3>ISO</OBX.23.6.3>
            </OBX.23.6>
            <OBX.23.7>XX</OBX.23.7>
            <OBX.23.10>24D9871327</OBX.23.10>
          </OBX.23>
          <OBX.24>
            <OBX.24.1>
              <OBX.24.1.1>2070 Test Park</OBX.24.1.1>
            </OBX.24.1>
            <OBX.24.3>Los Angeles</OBX.24.3>
            <OBX.24.4>CA</OBX.24.4>
            <OBX.24.5>90067</OBX.24.5>
            <OBX.24.7>B</OBX.24.7>
          </OBX.24>
          <OBX.25>
            <OBX.25.1>5432178916</OBX.25.1>
            <OBX.25.2>
              <OBX.25.2.1>Knowsalot</OBX.25.2.1>
            </OBX.25.2>
            <OBX.25.3>Phil</OBX.25.3>
            <OBX.25.6>Dr.</OBX.25.6>
            <OBX.25.9>
              <OBX.25.9.2>2.16.840.1.113883.4.6</OBX.25.9.2>
              <OBX.25.9.3>ISO</OBX.25.9.3>
            </OBX.25.9>
            <OBX.25.10>L</OBX.25.10>
            <OBX.25.13>NPI</OBX.25.13>
          </OBX.25>
          <OBX.29>RSLT</OBX.29>
        </OBX>
      </ORU_R01.PATIENT_RESULT.ORDER_OBSERVATION.OBSERVATION>
      <ORU_R01.PATIENT_RESULT.ORDER_OBSERVATION.OBSERVATION>
        <OBX>
          <OBX.1>22</OBX.1>
          <OBX.2>CWE</OBX.2>
          <OBX.3>
            <OBX.3.1>30424-6</OBX.3.1>
            <OBX.3.2>Macrocytes [Presence] in Blood</OBX.3.2>
            <OBX.3.3>LN</OBX.3.3>
            <OBX.3.7>2.52</OBX.3.7>
            <OBX.3.9>Macrocytes [Presence] in Blood</OBX.3.9>
          </OBX.3>
          <OBX.4>
            <OBX.4.2>1</OBX.4.2>
            <OBX.4.3>1</OBX.4.3>
          </OBX.4>
          <OBX.5>
            <OBX.5.1>260415000</OBX.5.1>
            <OBX.5.2>not detected</OBX.5.2>
            <OBX.5.3>SCT</OBX.5.3>
            <OBX.5.7>201509USEd</OBX.5.7>
            <OBX.5.9>None seen</OBX.5.9>
          </OBX.5>
          <OBX.8>N</OBX.8>
          <OBX.11>F</OBX.11>
          <OBX.14>
            <OBX.14.1>201509251400</OBX.14.1>
          </OBX.14>
          <OBX.19>
            <OBX.19.1>201509261400</OBX.19.1>
          </OBX.19>
          <OBX.23>
            <OBX.23.1>Century Hospital</OBX.23.1>
            <OBX.23.6>
              <OBX.23.6.1>CLIA</OBX.23.6.1>
              <OBX.23.6.2>2.16.840.1.113883.4.7</OBX.23.6.2>
              <OBX.23.6.3>ISO</OBX.23.6.3>
            </OBX.23.6>
            <OBX.23.7>XX</OBX.23.7>
            <OBX.23.10>24D9871327</OBX.23.10>
          </OBX.23>
          <OBX.24>
            <OBX.24.1>
              <OBX.24.1.1>2070 Test Park</OBX.24.1.1>
            </OBX.24.1>
            <OBX.24.3>Los Angeles</OBX.24.3>
            <OBX.24.4>CA</OBX.24.4>
            <OBX.24.5>90067</OBX.24.5>
            <OBX.24.7>B</OBX.24.7>
          </OBX.24>
          <OBX.25>
            <OBX.25.1>5432178916</OBX.25.1>
            <OBX.25.2>
              <OBX.25.2.1>Knowsalot</OBX.25.2.1>
            </OBX.25.2>
            <OBX.25.3>Phil</OBX.25.3>
            <OBX.25.6>Dr.</OBX.25.6>
            <OBX.25.9>
              <OBX.25.9.2>2.16.840.1.113883.4.6</OBX.25.9.2>
              <OBX.25.9.3>ISO</OBX.25.9.3>
            </OBX.25.9>
            <OBX.25.10>L</OBX.25.10>
            <OBX.25.13>NPI</OBX.25.13>
          </OBX.25>
          <OBX.29>RSLT</OBX.29>
        </OBX>
      </ORU_R01.PATIENT_RESULT.ORDER_OBSERVATION.OBSERVATION>
      <ORU_R01.PATIENT_RESULT.ORDER_OBSERVATION.OBSERVATION>
        <OBX>
          <OBX.1>23</OBX.1>
          <OBX.2>CWE</OBX.2>
          <OBX.3>
            <OBX.3.1>30434-5</OBX.3.1>
            <OBX.3.2>Microcytes [Presence] in Blood</OBX.3.2>
            <OBX.3.3>LN</OBX.3.3>
            <OBX.3.7>2.52</OBX.3.7>
            <OBX.3.9>Microcytes [Presence] in Blood</OBX.3.9>
          </OBX.3>
          <OBX.4>
            <OBX.4.2>1</OBX.4.2>
            <OBX.4.3>1</OBX.4.3>
          </OBX.4>
          <OBX.5>
            <OBX.5.1>260415000</OBX.5.1>
            <OBX.5.2>not detected</OBX.5.2>
            <OBX.5.3>SCT</OBX.5.3>
            <OBX.5.7>201509USEd</OBX.5.7>
            <OBX.5.9>None seen</OBX.5.9>
          </OBX.5>
          <OBX.8>N</OBX.8>
          <OBX.11>F</OBX.11>
          <OBX.14>
            <OBX.14.1>201509251400</OBX.14.1>
          </OBX.14>
          <OBX.19>
            <OBX.19.1>201509261400</OBX.19.1>
          </OBX.19>
          <OBX.23>
            <OBX.23.1>Century Hospital</OBX.23.1>
            <OBX.23.6>
              <OBX.23.6.1>CLIA</OBX.23.6.1>
              <OBX.23.6.2>2.16.840.1.113883.4.7</OBX.23.6.2>
              <OBX.23.6.3>ISO</OBX.23.6.3>
            </OBX.23.6>
            <OBX.23.7>XX</OBX.23.7>
            <OBX.23.10>24D9871327</OBX.23.10>
          </OBX.23>
          <OBX.24>
            <OBX.24.1>
              <OBX.24.1.1>2070 Test Park</OBX.24.1.1>
            </OBX.24.1>
            <OBX.24.3>Los Angeles</OBX.24.3>
            <OBX.24.4>CA</OBX.24.4>
            <OBX.24.5>90067</OBX.24.5>
            <OBX.24.7>B</OBX.24.7>
          </OBX.24>
          <OBX.25>
            <OBX.25.1>5432178916</OBX.25.1>
            <OBX.25.2>
              <OBX.25.2.1>Knowsalot</OBX.25.2.1>
            </OBX.25.2>
            <OBX.25.3>Phil</OBX.25.3>
            <OBX.25.6>Dr.</OBX.25.6>
            <OBX.25.9>
              <OBX.25.9.2>2.16.840.1.113883.4.6</OBX.25.9.2>
              <OBX.25.9.3>ISO</OBX.25.9.3>
            </OBX.25.9>
            <OBX.25.10>L</OBX.25.10>
            <OBX.25.13>NPI</OBX.25.13>
          </OBX.25>
          <OBX.29>RSLT</OBX.29>
        </OBX>
      </ORU_R01.PATIENT_RESULT.ORDER_OBSERVATION.OBSERVATION>
      <ORU_R01.PATIENT_RESULT.ORDER_OBSERVATION.OBSERVATION>
        <OBX>
          <OBX.1>24</OBX.1>
          <OBX.2>CWE</OBX.2>
          <OBX.3>
            <OBX.3.1>779-9</OBX.3.1>
            <OBX.3.2>Poikilocytosis [Presence] in Blood by Light microscopy</OBX.3.2>
            <OBX.3.3>LN</OBX.3.3>
            <OBX.3.7>2.52</OBX.3.7>
            <OBX.3.9>Poikilocytosis [Presence] in Blood by Light microscopy</OBX.3.9>
          </OBX.3>
          <OBX.4>
            <OBX.4.2>1</OBX.4.2>
            <OBX.4.3>1</OBX.4.3>
          </OBX.4>
          <OBX.5>
            <OBX.5.1>260415000</OBX.5.1>
            <OBX.5.2>not detected</OBX.5.2>
            <OBX.5.3>SCT</OBX.5.3>
            <OBX.5.7>201509USEd</OBX.5.7>
            <OBX.5.9>None seen</OBX.5.9>
          </OBX.5>
          <OBX.8>N</OBX.8>
          <OBX.11>F</OBX.11>
          <OBX.14>
            <OBX.14.1>201509251400</OBX.14.1>
          </OBX.14>
          <OBX.19>
            <OBX.19.1>201509261400</OBX.19.1>
          </OBX.19>
          <OBX.23>
            <OBX.23.1>Century Hospital</OBX.23.1>
            <OBX.23.6>
              <OBX.23.6.1>CLIA</OBX.23.6.1>
              <OBX.23.6.2>2.16.840.1.113883.4.7</OBX.23.6.2>
              <OBX.23.6.3>ISO</OBX.23.6.3>
            </OBX.23.6>
            <OBX.23.7>XX</OBX.23.7>
            <OBX.23.10>24D9871327</OBX.23.10>
          </OBX.23>
          <OBX.24>
            <OBX.24.1>
              <OBX.24.1.1>2070 Test Park</OBX.24.1.1>
            </OBX.24.1>
            <OBX.24.3>Los Angeles</OBX.24.3>
            <OBX.24.4>CA</OBX.24.4>
            <OBX.24.5>90067</OBX.24.5>
            <OBX.24.7>B</OBX.24.7>
          </OBX.24>
          <OBX.25>
            <OBX.25.1>5432178916</OBX.25.1>
            <OBX.25.2>
              <OBX.25.2.1>Knowsalot</OBX.25.2.1>
            </OBX.25.2>
            <OBX.25.3>Phil</OBX.25.3>
            <OBX.25.6>Dr.</OBX.25.6>
            <OBX.25.9>
              <OBX.25.9.2>2.16.840.1.113883.4.6</OBX.25.9.2>
              <OBX.25.9.3>ISO</OBX.25.9.3>
            </OBX.25.9>
            <OBX.25.10>L</OBX.25.10>
            <OBX.25.13>NPI</OBX.25.13>
          </OBX.25>
          <OBX.29>RSLT</OBX.29>
        </OBX>
      </ORU_R01.PATIENT_RESULT.ORDER_OBSERVATION.OBSERVATION>
      <ORU_R01.PATIENT_RESULT.ORDER_OBSERVATION.OBSERVATION>
        <OBX>
          <OBX.1>25</OBX.1>
          <OBX.2>CWE</OBX.2>
          <OBX.3>
            <OBX.3.1>10378-8</OBX.3.1>
            <OBX.3.2>Polychromasia [Presence] in Blood by Light microscopy</OBX.3.2>
            <OBX.3.3>LN</OBX.3.3>
            <OBX.3.7>2.52</OBX.3.7>
            <OBX.3.9>Polychromasia [Presence] in Blood by Light microscopy</OBX.3.9>
          </OBX.3>
          <OBX.4>
            <OBX.4.2>1</OBX.4.2>
            <OBX.4.3>1</OBX.4.3>
          </OBX.4>
          <OBX.5>
            <OBX.5.1>260415000</OBX.5.1>
            <OBX.5.2>not detected</OBX.5.2>
            <OBX.5.3>SCT</OBX.5.3>
            <OBX.5.7>201509USEd</OBX.5.7>
            <OBX.5.9>None seen</OBX.5.9>
          </OBX.5>
          <OBX.8>N</OBX.8>
          <OBX.11>F</OBX.11>
          <OBX.14>
            <OBX.14.1>201509251400</OBX.14.1>
          </OBX.14>
          <OBX.19>
            <OBX.19.1>201509261400</OBX.19.1>
          </OBX.19>
          <OBX.23>
            <OBX.23.1>Century Hospital</OBX.23.1>
            <OBX.23.6>
              <OBX.23.6.1>CLIA</OBX.23.6.1>
              <OBX.23.6.2>2.16.840.1.113883.4.7</OBX.23.6.2>
              <OBX.23.6.3>ISO</OBX.23.6.3>
            </OBX.23.6>
            <OBX.23.7>XX</OBX.23.7>
            <OBX.23.10>24D9871327</OBX.23.10>
          </OBX.23>
          <OBX.24>
            <OBX.24.1>
              <OBX.24.1.1>2070 Test Park</OBX.24.1.1>
            </OBX.24.1>
            <OBX.24.3>Los Angeles</OBX.24.3>
            <OBX.24.4>CA</OBX.24.4>
            <OBX.24.5>90067</OBX.24.5>
            <OBX.24.7>B</OBX.24.7>
          </OBX.24>
          <OBX.25>
            <OBX.25.1>5432178916</OBX.25.1>
            <OBX.25.2>
              <OBX.25.2.1>Knowsalot</OBX.25.2.1>
            </OBX.25.2>
            <OBX.25.3>Phil</OBX.25.3>
            <OBX.25.6>Dr.</OBX.25.6>
            <OBX.25.9>
              <OBX.25.9.2>2.16.840.1.113883.4.6</OBX.25.9.2>
              <OBX.25.9.3>ISO</OBX.25.9.3>
            </OBX.25.9>
            <OBX.25.10>L</OBX.25.10>
            <OBX.25.13>NPI</OBX.25.13>
          </OBX.25>
          <OBX.29>RSLT</OBX.29>
        </OBX>
      </ORU_R01.PATIENT_RESULT.ORDER_OBSERVATION.OBSERVATION>
      <ORU_R01.PATIENT_RESULT.ORDER_OBSERVATION.OBSERVATION>
        <OBX>
          <OBX.1>26</OBX.1>
          <OBX.2>TX</OBX.2>
          <OBX.3>
            <OBX.3.1>6742-1</OBX.3.1>
            <OBX.3.2>Erythrocyte morphology finding [Identifier] in Blood</OBX.3.2>
            <OBX.3.3>LN</OBX.3.3>
            <OBX.3.7>2.52</OBX.3.7>
            <OBX.3.9>Erythrocyte morphology finding [Identifier] in Blood</OBX.3.9>
          </OBX.3>
          <OBX.4>
            <OBX.4.2>1</OBX.4.2>
            <OBX.4.3>1</OBX.4.3>
          </OBX.4>
          <OBX.5>Many spherocytes present.</OBX.5>
          <OBX.8>A</OBX.8>
          <OBX.11>F</OBX.11>
          <OBX.14>
            <OBX.14.1>201509251400</OBX.14.1>
          </OBX.14>
          <OBX.19>
            <OBX.19.1>201509261400</OBX.19.1>
          </OBX.19>
          <OBX.23>
            <OBX.23.1>Century Hospital</OBX.23.1>
            <OBX.23.6>
              <OBX.23.6.1>CLIA</OBX.23.6.1>
              <OBX.23.6.2>2.16.840.1.113883.4.7</OBX.23.6.2>
              <OBX.23.6.3>ISO</OBX.23.6.3>
            </OBX.23.6>
            <OBX.23.7>XX</OBX.23.7>
            <OBX.23.10>24D9871327</OBX.23.10>
          </OBX.23>
          <OBX.24>
            <OBX.24.1>
              <OBX.24.1.1>2070 Test Park</OBX.24.1.1>
            </OBX.24.1>
            <OBX.24.3>Los Angeles</OBX.24.3>
            <OBX.24.4>CA</OBX.24.4>
            <OBX.24.5>90067</OBX.24.5>
            <OBX.24.7>B</OBX.24.7>
          </OBX.24>
          <OBX.25>
            <OBX.25.1>5432178916</OBX.25.1>
            <OBX.25.2>
              <OBX.25.2.1>Knowsalot</OBX.25.2.1>
            </OBX.25.2>
            <OBX.25.3>Phil</OBX.25.3>
            <OBX.25.6>Dr.</OBX.25.6>
            <OBX.25.9>
              <OBX.25.9.2>2.16.840.1.113883.4.6</OBX.25.9.2>
              <OBX.25.9.3>ISO</OBX.25.9.3>
            </OBX.25.9>
            <OBX.25.10>L</OBX.25.10>
            <OBX.25.13>NPI</OBX.25.13>
          </OBX.25>
          <OBX.29>RSLT</OBX.29>
        </OBX>
      </ORU_R01.PATIENT_RESULT.ORDER_OBSERVATION.OBSERVATION>
      <ORU_R01.PATIENT_RESULT.ORDER_OBSERVATION.OBSERVATION>
        <OBX>
          <OBX.1>27</OBX.1>
          <OBX.2>TX</OBX.2>
          <OBX.3>
            <OBX.3.1>11156-7</OBX.3.1>
            <OBX.3.2>Leukocyte morphology finding [Identifier] in Blood</OBX.3.2>
            <OBX.3.3>LN</OBX.3.3>
            <OBX.3.7>2.52</OBX.3.7>
            <OBX.3.9>Leukocyte morphology finding [Identifier] in Blood</OBX.3.9>
          </OBX.3>
          <OBX.4>
            <OBX.4.2>1</OBX.4.2>
            <OBX.4.3>1</OBX.4.3>
          </OBX.4>
          <OBX.5>Reactive morphology in lymphoid cells.</OBX.5>
          <OBX.8>A</OBX.8>
          <OBX.11>F</OBX.11>
          <OBX.14>
            <OBX.14.1>201509251400</OBX.14.1>
          </OBX.14>
          <OBX.19>
            <OBX.19.1>201509261400</OBX.19.1>
          </OBX.19>
          <OBX.23>
            <OBX.23.1>Century Hospital</OBX.23.1>
            <OBX.23.6>
              <OBX.23.6.1>CLIA</OBX.23.6.1>
              <OBX.23.6.2>2.16.840.1.113883.4.7</OBX.23.6.2>
              <OBX.23.6.3>ISO</OBX.23.6.3>
            </OBX.23.6>
            <OBX.23.7>XX</OBX.23.7>
            <OBX.23.10>24D9871327</OBX.23.10>
          </OBX.23>
          <OBX.24>
            <OBX.24.1>
              <OBX.24.1.1>2070 Test Park</OBX.24.1.1>
            </OBX.24.1>
            <OBX.24.3>Los Angeles</OBX.24.3>
            <OBX.24.4>CA</OBX.24.4>
            <OBX.24.5>90067</OBX.24.5>
            <OBX.24.7>B</OBX.24.7>
          </OBX.24>
          <OBX.25>
            <OBX.25.1>5432178916</OBX.25.1>
            <OBX.25.2>
              <OBX.25.2.1>Knowsalot</OBX.25.2.1>
            </OBX.25.2>
            <OBX.25.3>Phil</OBX.25.3>
            <OBX.25.6>Dr.</OBX.25.6>
            <OBX.25.9>
              <OBX.25.9.2>2.16.840.1.113883.4.6</OBX.25.9.2>
              <OBX.25.9.3>ISO</OBX.25.9.3>
            </OBX.25.9>
            <OBX.25.10>L</OBX.25.10>
            <OBX.25.13>NPI</OBX.25.13>
          </OBX.25>
          <OBX.29>RSLT</OBX.29>
        </OBX>
      </ORU_R01.PATIENT_RESULT.ORDER_OBSERVATION.OBSERVATION>
      <ORU_R01.PATIENT_RESULT.ORDER_OBSERVATION.OBSERVATION>
        <OBX>
          <OBX.1>28</OBX.1>
          <OBX.2>TX</OBX.2>
          <OBX.3>
            <OBX.3.1>11125-2</OBX.3.1>
            <OBX.3.2>Platelet morphology finding [Identifier] in Blood</OBX.3.2>
            <OBX.3.3>LN</OBX.3.3>
            <OBX.3.7>2.52</OBX.3.7>
            <OBX.3.9>Platelet morphology finding [Identifier] in Blood</OBX.3.9>
          </OBX.3>
          <OBX.4>
            <OBX.4.2>1</OBX.4.2>
            <OBX.4.3>1</OBX.4.3>
          </OBX.4>
          <OBX.5>Platelets show defective granulation.</OBX.5>
          <OBX.8>A</OBX.8>
          <OBX.11>F</OBX.11>
          <OBX.14>
            <OBX.14.1>201509251400</OBX.14.1>
          </OBX.14>
          <OBX.19>
            <OBX.19.1>201509261400</OBX.19.1>
          </OBX.19>
          <OBX.23>
            <OBX.23.1>Century Hospital</OBX.23.1>
            <OBX.23.6>
              <OBX.23.6.1>CLIA</OBX.23.6.1>
              <OBX.23.6.2>2.16.840.1.113883.4.7</OBX.23.6.2>
              <OBX.23.6.3>ISO</OBX.23.6.3>
            </OBX.23.6>
            <OBX.23.7>XX</OBX.23.7>
            <OBX.23.10>24D9871327</OBX.23.10>
          </OBX.23>
          <OBX.24>
            <OBX.24.1>
              <OBX.24.1.1>2070 Test Park</OBX.24.1.1>
            </OBX.24.1>
            <OBX.24.3>Los Angeles</OBX.24.3>
            <OBX.24.4>CA</OBX.24.4>
            <OBX.24.5>90067</OBX.24.5>
            <OBX.24.7>B</OBX.24.7>
          </OBX.24>
          <OBX.25>
            <OBX.25.1>5432178916</OBX.25.1>
            <OBX.25.2>
              <OBX.25.2.1>Knowsalot</OBX.25.2.1>
            </OBX.25.2>
            <OBX.25.3>Phil</OBX.25.3>
            <OBX.25.6>Dr.</OBX.25.6>
            <OBX.25.9>
              <OBX.25.9.2>2.16.840.1.113883.4.6</OBX.25.9.2>
              <OBX.25.9.3>ISO</OBX.25.9.3>
            </OBX.25.9>
            <OBX.25.10>L</OBX.25.10>
            <OBX.25.13>NPI</OBX.25.13>
          </OBX.25>
          <OBX.29>RSLT</OBX.29>
        </OBX>
      </ORU_R01.PATIENT_RESULT.ORDER_OBSERVATION.OBSERVATION>
      <ORU_R01.PATIENT_RESULT.ORDER_OBSERVATION.SPECIMEN>
        <SPM>
          <SPM.1>1</SPM.1>
          <SPM.2>
            <SPM.2.1>
              <SPM.2.1.1>S-2015-66</SPM.2.1.1>
              <SPM.2.1.3>2.16.840.1.113883.3.72.5.24</SPM.2.1.3>
              <SPM.2.1.4>ISO</SPM.2.1.4>
            </SPM.2.1>
            <SPM.2.2>
              <SPM.2.2.1>S-9911-33</SPM.2.2.1>
              <SPM.2.2.3>2.16.840.1.113883.3.72.5.25</SPM.2.2.3>
              <SPM.2.2.4>ISO</SPM.2.2.4>
            </SPM.2.2>
          </SPM.2>
          <SPM.4>
            <SPM.4.1>119297000</SPM.4.1>
            <SPM.4.2>BLD</SPM.4.2>
            <SPM.4.3>SCT</SPM.4.3>
            <SPM.4.7>201509USEd</SPM.4.7>
            <SPM.4.9>Blood</SPM.4.9>
          </SPM.4>
          <SPM.17>
            <SPM.17.1>
              <SPM.17.1.1>201509251400</SPM.17.1.1>
            </SPM.17.1>
          </SPM.17>
        </SPM>
      </ORU_R01.PATIENT_RESULT.ORDER_OBSERVATION.SPECIMEN>
    </ORU_R01.PATIENT_RESULT.ORDER_OBSERVATION>
  </ORU_R01.PATIENT_RESULT>
</ORU_R01>
