<?xml version="1.0" encoding="UTF-8"?>
<ORU_R01>
  <MSH>
    <MSH.1>|</MSH.1>
    <MSH.2>^~\&amp;#</MSH.2>
    <MSH.3>
      <MSH.3.1>NIST Test Lab APP</MSH.3.1>
      <MSH.3.2>372520</MSH.3.2>
      <MSH.3.3>L</MSH.3.3>
    </MSH.3>
    <MSH.4>
      <MSH.4.1>NIST Lab Facility</MSH.4.1>
      <MSH.4.2>372521</MSH.4.2>
      <MSH.4.3>L</MSH.4.3>
    </MSH.4>
    <MSH.6>
      <MSH.6.1>NIST EHR Facility</MSH.6.1>
      <MSH.6.2>372523</MSH.6.2>
      <MSH.6.3>L</MSH.6.3>
    </MSH.6>
    <MSH.7>
      <MSH.7.1>20150926140551</MSH.7.1>
    </MSH.7>
    <MSH.9>
      <MSH.9.1>ORU</MSH.9.1>
      <MSH.9.2>R01</MSH.9.2>
      <MSH.9.3>ORU_R01</MSH.9.3>
    </MSH.9>
    <MSH.10>LRI_1.0_2.1-NG</MSH.10>
    <MSH.11>
      <MSH.11.1>D</MSH.11.1>
    </MSH.11>
    <MSH.12>
      <MSH.12.1>2.5.1</MSH.12.1>
    </MSH.12>
    <MSH.15>AL</MSH.15>
    <MSH.16>AL</MSH.16>
    <MSH.21>
      <MSH.21.1>LRI_Common_Component</MSH.21.1>
      <MSH.21.2>LRI Base Profile</MSH.21.2>
      <MSH.21.3>2.16.840.1.113883.9.16</MSH.21.3>
      <MSH.21.4>ISO</MSH.21.4>
    </MSH.21>
    <MSH.21>
      <MSH.21.1>LRI_NG_Component</MSH.21.1>
      <MSH.21.2>LRI Base Profile</MSH.21.2>
      <MSH.21.3>2.16.840.1.113883.9.13</MSH.21.3>
      <MSH.21.4>ISO</MSH.21.4>
    </MSH.21>
    <MSH.21>
      <MSH.21.1>LRI_FRU_Component</MSH.21.1>
      <MSH.21.2>LRI NG Profile</MSH.21.2>
      <MSH.21.3>2.16.840.1.113883.9.83</MSH.21.3>
      <MSH.21.4>ISO</MSH.21.4>
    </MSH.21>
  </MSH>
  <ORU_R01.PATIENT_RESULT>
    <ORU_R01.PATIENT_RESULT.PATIENT>
      <PID>
        <PID.1>1</PID.1>
        <PID.3>
          <PID.3.1>PATID1234</PID.3.1>
          <PID.3.4>
            <PID.3.4.1>NIST MPI</PID.3.4.1>
          </PID.3.4>
          <PID.3.5>MR</PID.3.5>
        </PID.3>
        <PID.5>
          <PID.5.1>
            <PID.5.1.1>Jones</PID.5.1.1>
          </PID.5.1>
          <PID.5.2>William</PID.5.2>
          <PID.5.3>A</PID.5.3>
          <PID.5.7>L</PID.5.7>
        </PID.5>
        <PID.7>
          <PID.7.1>19610615</PID.7.1>
        </PID.7>
        <PID.8>M</PID.8>
        <PID.10>
          <PID.10.1>2106-3</PID.10.1>
          <PID.10.2>White</PID.10.2>
          <PID.10.3>HL70005</PID.10.3>
          <PID.10.9>White</PID.10.9>
        </PID.10>
        <PID.10>
          <PID.10.1>1002-5</PID.10.1>
          <PID.10.2>American Indian or Alaska Native</PID.10.2>
          <PID.10.3>HL70005</PID.10.3>
          <PID.10.9>American Indian</PID.10.9>
        </PID.10>
        <PID.18>
          <PID.18.1>PATID1234</PID.18.1>
          <PID.18.4>
            <PID.18.4.1>NIST MPI</PID.18.4.1>
          </PID.18.4>
          <PID.18.5>AN</PID.18.5>
        </PID.18>
      </PID>
    </ORU_R01.PATIENT_RESULT.PATIENT>
    <ORU_R01.PATIENT_RESULT.ORDER_OBSERVATION>
      <ORC>
        <ORC.1>RE</ORC.1>
        <ORC.2>
          <ORC.2.1>ORD723222</ORC.2.1>
          <ORC.2.2>NIST EHR</ORC.2.2>
        </ORC.2>
        <ORC.3>
          <ORC.3.1>R-783274</ORC.3.1>
          <ORC.3.2>NIST Lab Filler</ORC.3.2>
        </ORC.3>
        <ORC.4>
          <ORC.4.1>GORD874211</ORC.4.1>
          <ORC.4.2>NIST EHR</ORC.4.2>
        </ORC.4>
        <ORC.12>
          <ORC.12.1>5742200012</ORC.12.1>
          <ORC.12.2>
            <ORC.12.2.1>Radon</ORC.12.2.1>
          </ORC.12.2>
          <ORC.12.3>Nicholas</ORC.12.3>
          <ORC.12.4>M</ORC.12.4>
          <ORC.12.5>JR</ORC.12.5>
          <ORC.12.6>DR</ORC.12.6>
          <ORC.12.9>
            <ORC.12.9.1>NPI</ORC.12.9.1>
          </ORC.12.9>
          <ORC.12.10>L</ORC.12.10>
          <ORC.12.13>NPI</ORC.12.13>
        </ORC.12>
      </ORC>
      <OBR>
        <OBR.1>1</OBR.1>
        <OBR.2>
          <OBR.2.1>ORD723222</OBR.2.1>
          <OBR.2.2>NIST EHR</OBR.2.2>
        </OBR.2>
        <OBR.3>
          <OBR.3.1>R-783274</OBR.3.1>
          <OBR.3.2>NIST Lab Filler</OBR.3.2>
        </OBR.3>
        <OBR.4>
          <OBR.4.1>30341-2</OBR.4.1>
          <OBR.4.2>Erythrocyte sedimentation rate</OBR.4.2>
          <OBR.4.3>LN</OBR.4.3>
          <OBR.4.4>500</OBR.4.4>
          <OBR.4.5>Erythrocyte sedimentation rate</OBR.4.5>
          <OBR.4.6>99USL</OBR.4.6>
          <OBR.4.7>2.52</OBR.4.7>
          <OBR.4.9>Erythrocyte sedimentation rate</OBR.4.9>
        </OBR.4>
        <OBR.7>
          <OBR.7.1>201509251400</OBR.7.1>
        </OBR.7>
        <OBR.11>L</OBR.11>
        <OBR.16>
          <OBR.16.1>5742200012</OBR.16.1>
          <OBR.16.2>
            <OBR.16.2.1>Radon</OBR.16.2.1>
          </OBR.16.2>
          <OBR.16.3>Nicholas</OBR.16.3>
          <OBR.16.4>M</OBR.16.4>
          <OBR.16.5>JR</OBR.16.5>
          <OBR.16.6>DR</OBR.16.6>
          <OBR.16.9>
            <OBR.16.9.1>NPI</OBR.16.9.1>
          </OBR.16.9>
          <OBR.16.10>L</OBR.16.10>
          <OBR.16.13>NPI</OBR.16.13>
        </OBR.16>
        <OBR.22>
          <OBR.22.1>20150926140551</OBR.22.1>
        </OBR.22>
        <OBR.25>C</OBR.25>
        <OBR.28>
          <OBR.28.1>10092000194</OBR.28.1>
          <OBR.28.2>
            <OBR.28.2.1>Hamlin</OBR.28.2.1>
          </OBR.28.2>
          <OBR.28.3>Pafford</OBR.28.3>
          <OBR.28.4>M</OBR.28.4>
          <OBR.28.5>Sr.</OBR.28.5>
          <OBR.28.6>Dr.</OBR.28.6>
          <OBR.28.9>
            <OBR.28.9.1>NPI</OBR.28.9.1>
          </OBR.28.9>
          <OBR.28.10>L</OBR.28.10>
          <OBR.28.13>NPI</OBR.28.13>
        </OBR.28>
        <OBR.49>
          <OBR.49.1>CC</OBR.49.1>
          <OBR.49.2>Copies Requested</OBR.49.2>
          <OBR.49.3>HL70507</OBR.49.3>
        </OBR.49>
      </OBR>
      <NTE>
        <NTE.1>1</NTE.1>
        <NTE.3>Patient is extremely anxious about needles used for drawing blood.\.br\If patient is overly frightened, nervous, or anxious please reschedule blood draw.</NTE.3>
      </NTE>
      <NTE>
        <NTE.1>1</NTE.1>
        <NTE.3>Specimen re-analyzed per request of ordering provider.</NTE.3>
      </NTE>
      <ORU_R01.PATIENT_RESULT.ORDER_OBSERVATION.TIMING_QTY>
        <TQ1>
          <TQ1.1>1</TQ1.1>
          <TQ1.7>
            <TQ1.7.1>201509251400</TQ1.7.1>
          </TQ1.7>
          <TQ1.8>
            <TQ1.8.1>201509261400</TQ1.8.1>
          </TQ1.8>
          <TQ1.9>
            <TQ1.9.1>R</TQ1.9.1>
            <TQ1.9.2>Routine</TQ1.9.2>
            <TQ1.9.3>HL70485</TQ1.9.3>
            <TQ1.9.9>Routine</TQ1.9.9>
          </TQ1.9>
        </TQ1>
      </ORU_R01.PATIENT_RESULT.ORDER_OBSERVATION.TIMING_QTY>
      <ORU_R01.PATIENT_RESULT.ORDER_OBSERVATION.OBSERVATION>
        <OBX>
          <OBX.1>1</OBX.1>
          <OBX.2>NM</OBX.2>
          <OBX.3>
            <OBX.3.1>30341-2</OBX.3.1>
            <OBX.3.2>Erythrocyte sedimentation rate</OBX.3.2>
            <OBX.3.3>LN</OBX.3.3>
            <OBX.3.4>815117</OBX.3.4>
            <OBX.3.5>ESR</OBX.3.5>
            <OBX.3.6>99USL</OBX.3.6>
            <OBX.3.7>2.52</OBX.3.7>
            <OBX.3.9>Erythrocyte sedimentation rate</OBX.3.9>
          </OBX.3>
          <OBX.4>
            <OBX.4.2>1</OBX.4.2>
            <OBX.4.3>1</OBX.4.3>
            <OBX.4.4>1</OBX.4.4>
          </OBX.4>
          <OBX.5>20</OBX.5>
          <OBX.6>
            <OBX.6.1>mm/h</OBX.6.1>
            <OBX.6.2>millimeter per hour</OBX.6.2>
            <OBX.6.3>UCUM</OBX.6.3>
            <OBX.6.7>1.9</OBX.6.7>
          </OBX.6>
          <OBX.7>0 to 17</OBX.7>
          <OBX.8>H</OBX.8>
          <OBX.11>C</OBX.11>
          <OBX.14>
            <OBX.14.1>201509251400</OBX.14.1>
          </OBX.14>
          <OBX.19>
            <OBX.19.1>20150926130550</OBX.19.1>
          </OBX.19>
          <OBX.23>
            <OBX.23.1>Century Hospital</OBX.23.1>
            <OBX.23.6>
              <OBX.23.6.1>CLIA</OBX.23.6.1>
            </OBX.23.6>
            <OBX.23.7>XX</OBX.23.7>
            <OBX.23.10>24D9871327</OBX.23.10>
          </OBX.23>
          <OBX.24>
            <OBX.24.1>
              <OBX.24.1.1>2070 Test Park</OBX.24.1.1>
            </OBX.24.1>
            <OBX.24.3>Los Angeles</OBX.24.3>
            <OBX.24.4>CA</OBX.24.4>
            <OBX.24.5>90067</OBX.24.5>
            <OBX.24.6>USA</OBX.24.6>
            <OBX.24.7>B</OBX.24.7>
            <OBX.24.9>06037</OBX.24.9>
          </OBX.24>
          <OBX.25>
            <OBX.25.1>5432178916</OBX.25.1>
            <OBX.25.2>
              <OBX.25.2.1>Knowsalot</OBX.25.2.1>
            </OBX.25.2>
            <OBX.25.3>Phil</OBX.25.3>
            <OBX.25.4>J.</OBX.25.4>
            <OBX.25.5>III</OBX.25.5>
            <OBX.25.6>Dr.</OBX.25.6>
            <OBX.25.9>
              <OBX.25.9.1>NPI</OBX.25.9.1>
            </OBX.25.9>
            <OBX.25.10>L</OBX.25.10>
            <OBX.25.13>NPI</OBX.25.13>
          </OBX.25>
          <OBX.29>RSLT</OBX.29>
          <OBX.30>UNSP</OBX.30>
        </OBX>
        <NTE>
          <NTE.1>2</NTE.1>
          <NTE.3>Patient is allergic to latex</NTE.3>
        </NTE>
      </ORU_R01.PATIENT_RESULT.ORDER_OBSERVATION.OBSERVATION>
      <ORU_R01.PATIENT_RESULT.ORDER_OBSERVATION.SPECIMEN>
        <SPM>
          <SPM.1>1</SPM.1>
          <SPM.2>
            <SPM.2.1>
              <SPM.2.1.1>S-2015-66</SPM.2.1.1>
              <SPM.2.1.2>GoodHealthC_EHR</SPM.2.1.2>
            </SPM.2.1>
            <SPM.2.2>
              <SPM.2.2.1>S-9911-33</SPM.2.2.1>
              <SPM.2.2.2>NIST Lab Filler</SPM.2.2.2>
            </SPM.2.2>
          </SPM.2>
          <SPM.4>
            <SPM.4.1>119297000</SPM.4.1>
            <SPM.4.2>BLD</SPM.4.2>
            <SPM.4.3>SCT</SPM.4.3>
            <SPM.4.4>BldSpc</SPM.4.4>
            <SPM.4.5>Blood</SPM.4.5>
            <SPM.4.6>99USL</SPM.4.6>
            <SPM.4.7>201509USEd</SPM.4.7>
            <SPM.4.9>Blood Specimen</SPM.4.9>
          </SPM.4>
          <SPM.17>
            <SPM.17.1>
              <SPM.17.1.1>201509251400</SPM.17.1.1>
            </SPM.17.1>
          </SPM.17>
          <SPM.24>
            <SPM.24.1>COOL</SPM.24.1>
            <SPM.24.2>Cool</SPM.24.2>
            <SPM.24.3>HL70493</SPM.24.3>
            <SPM.24.4>CL</SPM.24.4>
            <SPM.24.5>Cool</SPM.24.5>
            <SPM.24.6>99USL</SPM.24.6>
            <SPM.24.9>Cool</SPM.24.9>
          </SPM.24>
        </SPM>
      </ORU_R01.PATIENT_RESULT.ORDER_OBSERVATION.SPECIMEN>
    </ORU_R01.PATIENT_RESULT.ORDER_OBSERVATION>
  </ORU_R01.PATIENT_RESULT>
</ORU_R01>
